,cityname,pname,Mix,Shape_Length,Shape_Area,citynameUP,prUP
0,阿克苏地区,新疆维吾尔自治区,0.550808263881393,24.03838393378848,13.669279399952156,AK,XJ
1,阿拉尔市,新疆维吾尔自治区,0.590293646823644,4.418668817795004,0.417782826759567,AL,XJ
2,阿拉善盟,内蒙古自治区,0.757718912846579,34.39165024993945,25.443792859776966,AL,NM
3,阿勒泰地区,新疆维吾尔自治区,0.679313925823832,21.918186858751884,13.816345645102468,AL,XJ
4,阿里地区,西藏自治区,0.0,44.21187743969842,32.5435894425685,AL,XZ
5,安康市,陕西省,0.621585141940383,11.11431454212838,2.264434098303383,AK,SX
6,安庆市,安徽省,0.59751508139148,6.630918253281726,1.269775562097974,AQ,AH
7,安顺市,贵州省,0.58787455652669,7.786074123605642,0.832424421742693,AS,GZ
8,安阳市,河南省,0.605073565607519,8.215151440148476,0.733129828642911,AY,HN
9,鞍山市,辽宁省,0.590792114077848,8.851440253006599,0.98610461836435,AS,LN
10,澳门特别行政区,澳门特别行政区,0.0,0.474780821540421,0.00302547309481,AM,AM
11,巴彦淖尔市,内蒙古自治区,0.737318515598409,15.149497015603414,7.011430880737377,BY,NM
12,巴音郭楞蒙古自治州,新疆维吾尔自治区,0.624785461180965,53.266911014018405,49.17628749037926,BY,XJ
13,巴中市,四川省,0.598900924963753,7.367449789858026,1.173635572436502,BZ,SC
14,白城市,吉林省,0.629152008271941,11.22008676580892,2.950702466200358,BC,JL
15,白沙黎族自治县,海南省,0.567935194476262,2.701583303206768,0.181907893149362,BS,HN
16,白山市,吉林省,0.713522288342916,10.16214705758888,1.900922677212677,BS,JL
17,白银市,甘肃省,0.534874803078286,10.65635211786454,2.024375207779249,BY,GS
18,百色市,广西壮族自治区,0.518574581213057,17.281630766352354,3.211035901232499,BS,GX
19,蚌埠市,安徽省,0.530616969776565,5.137573247341024,0.575083415577642,BB,AH
20,包头市,内蒙古自治区,0.701649514041065,12.02079771686418,2.993135705696023,BT,NM
21,宝鸡市,陕西省,0.605806332633079,9.344864164138224,1.776734073358946,BJ,SX
22,保定市,河北省,0.627995007955261,10.93666835411249,2.309127846804953,BD,HB
23,保山市,云南省,0.627163936453048,8.949596725716345,1.705395043982132,BS,YN
24,保亭黎族苗族自治县,海南省,0.625238086568958,2.059055427234624,0.09869321652993,BT,HN
25,北海市,广西壮族自治区,0.637085592295397,6.081581401991398,0.297387846562213,BH,GX
26,北京市,北京市,0.71410644936882,10.115307582792065,1.734812015059152,BJ,BJ
27,北屯市,新疆维吾尔自治区,0.512714901375454,2.437998164432335,0.09685618150833,BT,XJ
28,本溪市,辽宁省,0.675780128143887,8.225792655331228,0.903646151388612,BX,LN
29,毕节市,贵州省,0.558897154875023,12.64187096776602,2.44256128250954,BJ,GZ
30,滨州市,山东省,0.566200437071925,9.144850632850495,0.922300629655934,BZ,SD
31,亳州市,安徽省,0.54140824500342,5.928144168395193,0.82643415220093,BZ,AH
32,博尔塔拉蒙古自治州,新疆维吾尔自治区,0.56520376759393,13.490607226634737,2.748421912446235,BE,XJ
33,沧州市,河北省,0.607772209062091,10.196634270985127,1.457887378611267,CZ,HB
34,昌都市,西藏自治区,0.850946292148898,29.942854424696662,10.34981140264568,CD,XZ
35,昌吉回族自治州,新疆维吾尔自治区,0.62716356176656,21.318346524362312,8.294014720603418,CJ,XJ
36,昌江黎族自治县,海南省,0.549061455823354,2.497815045859218,0.136982253844989,CJ,HN
37,常德市,湖南省,0.590775054071817,10.354815340608342,1.687952174479577,CD,HN
38,常州市,江苏省,0.581968080618999,5.847717859055962,0.415484373954301,CZ,JS
39,朝阳市,辽宁省,0.559142139251605,11.627523039601009,2.124791644526559,ZY,LN
40,潮州市,广东省,0.646013670065666,4.347975934102359,0.275918661987613,CZ,GD
41,郴州市,湖南省,0.572881174334439,11.886178278839468,1.741317764770393,CZ,HN
42,成都市,四川省,0.661010066317332,8.159572412781745,1.348936192667501,CD,SC
43,承德市,河北省,0.719172305775124,15.239512424620832,4.248964023316505,CD,HB
44,澄迈县,海南省,0.667811597096244,3.604797313586181,0.176964506512923,CM,HN
45,池州市,安徽省,0.668760147676127,6.095302064134123,0.788122922884561,CZ,AH
46,赤峰市,内蒙古自治区,0.581230907252741,23.173752381501824,9.63049051666368,CF,NM
47,崇左市,广西壮族自治区,0.581778333783988,8.40131532028668,1.52282334678686,CZ,GX
48,滁州市,安徽省,0.56854172247907,8.986800637996584,1.297735551124385,CZ,AH
49,楚雄彝族自治州,云南省,0.614452857492797,10.57254836762446,2.550232781778994,CX,YN
50,达州市,四川省,0.602024309785582,10.6221985346042,1.572515146881372,DZ,SC
51,大理白族自治州,云南省,0.677580617863077,11.33413667005115,2.545578106742927,DL,YN
52,大连市,辽宁省,0.641733647856498,18.438911109997367,1.392996809136899,DL,LN
53,大庆市,黑龙江省,0.604693811061181,12.548709151092048,2.476915542929841,DQ,HL
54,大同市,山西省,0.629104728012496,9.588242572649133,1.480651065765992,DT,SX
55,大兴安岭地区,黑龙江省,0.709204092963568,20.67285082661064,8.537771276699308,DX,HL
56,儋州市,海南省,0.579680493007914,4.850763777651509,0.281288020168527,DZ,HN
57,德宏傣族景颇族自治州,云南省,0.546181215567076,6.621528460658126,0.995788806935894,DH,YN
58,德阳市,四川省,0.610413173784193,5.658531851749813,0.55901428414197,DY,SC
59,德州市,山东省,0.58678987918789,8.864368736686872,1.051796137310672,DZ,SD
60,迪庆藏族自治州,云南省,0.752947788180819,11.962017385991167,2.127243559356667,DQ,YN
61,定安县,海南省,0.62357306489656,2.543207824123032,0.102961742214373,DA,HN
62,定西市,甘肃省,0.619810455194975,12.394814474653147,1.939324549166437,DX,GS
63,东方市,海南省,0.577311391938924,2.180627946025754,0.194068007268584,DF,HN
64,东莞市,广东省,0.623304475000935,2.710622055456583,0.215649746239402,DG,GD
65,东营市,山东省,0.600665775842381,7.881532062198541,0.731452235303461,DY,SD
66,鄂尔多斯市,内蒙古自治区,0.757020893832207,19.011846538742937,9.085852644539164,EE,NM
67,鄂州市,湖北省,0.613319202232871,2.677014077424188,0.148360705250848,EZ,HB
68,恩施土家族苗族自治州,湖北省,0.660268750542513,13.964388244600848,2.253974135294083,ES,HB
69,防城港市,广西壮族自治区,0.617392286261945,6.474263963872991,0.523886817038745,FC,GX
70,佛山市,广东省,0.595107310524633,5.483774430453711,0.334337514611988,FS,GD
71,福州市,福建省,0.521518976050063,14.009154741107835,1.057099959271706,FZ,FJ
72,抚顺市,辽宁省,0.706615554966799,7.876478705100204,1.222054691565951,FS,LN
73,抚州市,江西省,0.613790698114771,9.510469315769315,1.717276787544833,FZ,JX
74,阜新市,辽宁省,0.592484139150914,7.227870940831804,1.126753232609346,FX,LN
75,阜阳市,安徽省,0.524521013859281,7.299298875309268,0.975368072801373,FY,AH
76,甘南藏族自治州,甘肃省,0.584438703979147,20.25864297013074,3.588772356210421,GN,GS
77,甘孜藏族自治州,四川省,0.796228089491889,31.99837996040028,14.132366322315294,GZ,SC
78,赣州市,江西省,0.51724085403011,16.091153395266538,3.540568018113168,GZ,JX
79,固原市,宁夏回族自治区,0.549019406603961,8.720061627211283,1.051160087746271,GY,NX
80,广安市,四川省,0.60064642878947,6.289966632643233,0.595479880991149,GA,SC
81,广元市,四川省,0.686059448223599,9.411902934222788,1.561754897088032,GY,SC
82,广州市,广东省,0.642802145468407,6.794964037643664,0.637083123565432,GZ,GD
83,贵港市,广西壮族自治区,0.519842544366707,7.190535824257918,0.936373905976422,GG,GX
84,贵阳市,贵州省,0.60358152730119,6.536573463950949,0.73036846959165,GY,GZ
85,桂林市,广西壮族自治区,0.595028472057551,11.005938909091812,2.480797818050281,GL,GX
86,果洛藏族自治州,青海省,0.955386933722137,19.789667113126537,7.255910292051215,GL,QH
87,哈尔滨市,黑龙江省,0.633040453250348,18.957407169037584,6.125440030571343,HE,HL
88,哈密市,新疆维吾尔自治区,0.636800481715615,20.019594227174725,15.093278421023005,HM,XJ
89,海北藏族自治州,青海省,0.799402040952458,17.211024834505036,3.516062089400556,HB,QH
90,海东市,青海省,0.59501713520987,7.577929823205782,1.303797784739912,HD,QH
91,海口市,海南省,0.645272859048138,3.250786587196886,0.192832157144041,HK,HN
92,海南藏族自治州,青海省,0.727039230474991,13.886744895062565,4.362128513365357,HN,QH
93,海西蒙古族藏族自治州,青海省,0.761934984151196,46.621641866393794,30.34988020082497,HX,QH
94,邯郸市,河北省,0.656375864834473,8.048588956929857,1.214907004569395,HD,HB
95,汉中市,陕西省,0.616719999084154,12.46715210630817,2.616664112544187,HZ,SX
96,杭州市,浙江省,0.660157639770248,9.99303029316615,1.573586554199653,HZ,ZJ
97,合肥市,安徽省,0.613252049604197,7.424301431614524,1.087586353357946,HF,AH
98,和田地区,新疆维吾尔自治区,0.604023308601508,30.371602855570497,25.069430259977903,HT,XJ
99,河池市,广西壮族自治区,0.510475468146566,14.078753585783168,2.985469548824018,HC,GX
100,河源市,广东省,0.645419966339979,8.985402214440338,1.389607797805212,HY,GD
101,菏泽市,山东省,0.660686130009627,6.709629103805122,1.202078735453453,HZ,SD
102,贺州市,广西壮族自治区,0.558680704760869,8.544771814277999,1.045920964035932,HZ,GX
103,鹤壁市,河南省,0.595570202063327,3.163090470297981,0.213064257468156,HB,HN
104,鹤岗市,黑龙江省,0.53561897003928,10.484862567166305,1.759799163583687,HG,HL
105,黑河市,黑龙江省,0.711919560699887,20.290914205665455,8.261544773006763,HH,HL
106,衡水市,河北省,0.587254441651767,7.88747118771946,0.903247797223463,HS,HB
107,衡阳市,湖南省,0.591367915989345,8.944505639392494,1.388465358569616,HY,HN
108,红河哈尼族彝族自治州,云南省,0.632748000578967,15.133012557196611,2.83919836631661,HH,YN
109,呼和浩特市,内蒙古自治区,0.613940931855395,7.953393381443142,1.827541079534957,HH,NM
110,呼伦贝尔市,内蒙古自治区,0.696149508080217,42.370430431096224,31.495597348724512,HL,NM
111,胡杨河市,新疆维吾尔自治区,0.0,2.467647698634477,0.132599613386472,HY,XJ
112,葫芦岛市,辽宁省,0.649730250618977,7.51900215681419,1.098635253214231,HL,LN
113,湖州市,浙江省,0.648985612283129,5.16616784732869,0.547795527807913,HZ,ZJ
114,怀化市,湖南省,0.633299522745978,17.859170207902846,2.5192268163909,HH,HN
115,淮安市,江苏省,0.600946372347331,6.896762492587695,0.971889179131251,HA,JS
116,淮北市,安徽省,0.555548669871009,3.809055696444127,0.266766870834782,HB,AH
117,淮南市,安徽省,0.633661173463731,4.584111758835448,0.530573944424702,HN,AH
118,黄冈市,湖北省,0.626484187861565,9.702942431483846,1.642914314274876,HG,HB
119,黄南藏族自治州,青海省,0.663572012475478,11.248315467942309,1.780572928706084,HN,QH
120,黄山市,安徽省,0.74462418572503,6.758357824160696,0.904069254162209,HS,AH
121,黄石市,湖北省,0.633656329860268,4.29093678040789,0.42742717216886,HS,HB
122,惠州市,广东省,0.637038622164782,9.206844489277746,0.99886726376474,HZ,GD
123,鸡西市,黑龙江省,0.589876111375775,13.28212675887072,2.592686060953717,JX,HL
124,吉安市,江西省,0.620187408884322,10.558222199080712,2.298502060275804,JA,JX
125,吉林市,吉林省,0.602807937743306,11.83573988442302,3.088690594299755,JL,JL
126,济南市,山东省,0.657874283626362,9.729061043315708,1.032166766646283,JN,SD
127,济源市,河南省,0.626976762910168,2.566462281899143,0.187693958202926,JY,HN
128,佳木斯市,黑龙江省,0.570783395177469,22.786399815157534,3.963816736532136,JM,HL
129,嘉兴市,浙江省,0.582584648060962,3.838755972205675,0.462881894929482,JX,ZJ
130,嘉峪关市,甘肃省,0.69580608346158,2.012717440174827,0.129354990700129,JY,GS
131,江门市,广东省,0.554741307471338,9.370937716262842,0.821156803285544,JM,GD
132,焦作市,河南省,0.609637112213922,3.817963060430114,0.39290600930919,JZ,HN
133,揭阳市,广东省,0.675244446004303,5.660928001567596,0.464250570024143,JY,GD
134,金昌市,甘肃省,0.588825172097107,5.013087502698639,0.785766388612685,JC,GS
135,金华市,浙江省,0.591622977917458,7.669800175460746,1.014680646721254,JH,ZJ
136,锦州市,辽宁省,0.639763965025357,8.44976617904843,1.080522118713016,JZ,LN
137,晋城市,山西省,0.601342239648153,5.895613331616143,0.937572538339037,JC,SX
138,晋中市,山西省,0.639929021367696,9.867056262689395,1.664247698639974,JZ,SX
139,荆门市,湖北省,0.620260013523939,7.561881129279997,1.166413737065002,JM,HB
140,荆州市,湖北省,0.617361951498804,10.602543595216208,1.315768710711273,JZ,HB
141,景德镇市,江西省,0.607029098097973,5.185058449128134,0.488522397384442,JD,JX
142,九江市,江西省,0.588843083556351,11.125066917531145,1.772645420189282,JJ,JX
143,酒泉市,甘肃省,0.660580582473131,28.661293636282537,17.752338022843336,JQ,GS
144,喀什地区,新疆维吾尔自治区,0.498106395255776,32.149842490985506,11.348421692606308,KS,XJ
145,开封市,河南省,0.584283008500269,6.289328535428632,0.595148524979311,KF,HN
146,可克达拉市,新疆维吾尔自治区,0.630759660295162,3.646165506032969,0.112034933848149,KK,XJ
147,克拉玛依市,新疆维吾尔自治区,0.555569670535672,6.42609701494538,0.82288726778014,KL,XJ
148,克孜勒苏柯尔克孜自治州,新疆维吾尔自治区,0.434901719929289,25.143913518497328,7.322855386485462,KZ,XJ
149,昆明市,云南省,0.60871048487478,11.647635010229966,1.884858444702152,KM,YN
150,昆玉市,新疆维吾尔自治区,0.0,2.913966289786035,0.066093067489635,KY,XJ
151,拉萨市,西藏自治区,0.716602452921034,10.744981012819077,2.77363341194821,LS,XZ
152,来宾市,广西壮族自治区,0.565656875459476,9.02910629323635,1.186522069605457,LB,GX
153,兰州市,甘肃省,0.592837895548079,9.665294413843176,1.301681092525853,LZ,GS
154,廊坊市,河北省,0.673114367414458,8.481877566819202,0.669461021388061,LF,HB
155,乐东黎族自治县,海南省,0.528504164127911,2.613264335285516,0.236437684970759,LD,HN
156,乐山市,四川省,0.697400057943908,8.454442798736382,1.180356930094261,LS,SC
157,丽江市,云南省,0.721977624394067,10.364497833062424,1.868366884673567,LJ,YN
158,丽水市,浙江省,0.631076664257382,9.285824292480545,1.587641826540624,LS,ZJ
159,连云港市,江苏省,0.653218074171332,6.682407706035108,0.731867141329662,LY,JS
160,凉山彝族自治州,四川省,0.652549330169451,21.84853760304629,5.523755654790786,LS,SC
161,辽阳市,辽宁省,0.638341972393186,4.922236190792302,0.5078568260627,LY,LN
162,辽源市,吉林省,0.535440043324835,4.331989859661702,0.565604421996605,LY,JL
163,聊城市,山东省,0.593565622819123,5.592760085896069,0.866593617721231,LC,SD
164,林芝市,西藏自治区,0.753234357215984,26.95685299387285,10.649278892206503,LZ,XZ
165,临沧市,云南省,0.609188163588273,8.971903428593198,2.099983200799982,LC,YN
166,临汾市,山西省,0.56240534226641,9.471672420508714,2.035859942795768,LF,SX
167,临高县,海南省,0.692286975179062,2.017362514013753,0.112228233183597,LG,HN
168,临夏回族自治州,甘肃省,0.575558353049382,6.007059694651401,0.81021511924255,LX,GS
169,临沂市,山东省,0.599581051885967,9.97544953246456,1.704628168973486,LY,SD
170,陵水黎族自治县,海南省,0.683232716493538,2.316747777703764,0.093273590682716,LS,HN
171,柳州市,广西壮族自治区,0.589793509016272,11.424023953294506,1.662685283046357,LZ,GX
172,六安市,安徽省,0.566314214938782,8.322040540128913,1.469591656476653,LA,AH
173,六盘水市,贵州省,0.563169367452121,7.953723645576641,0.894840284604325,LP,GZ
174,龙岩市,福建省,0.565753333362655,9.909385137734736,1.705424177734616,LY,FJ
175,陇南市,甘肃省,0.681946292551703,13.668953713962138,2.704760149280447,LN,GS
176,娄底市,湖南省,0.555060693060087,7.562624297563565,0.742098174251863,LD,HN
177,泸州市,四川省,0.614114567267854,9.882074116951248,1.126899632322143,LZ,SC
178,洛阳市,河南省,0.624537862924074,8.626340661574885,1.491691204322978,LY,HN
179,漯河市,河南省,0.574455632745974,3.582873844376635,0.261960124219768,TH,HN
180,吕梁市,山西省,0.573813295926187,9.600499391568842,2.159540622146054,LL,SX
181,马鞍山市,安徽省,0.621912994476414,4.667431400925649,0.386438052858028,MA,AH
182,茂名市,广东省,0.543089435298707,8.56062316690825,0.992270849287707,MM,GD
183,眉山市,四川省,0.649763699896961,7.790822105573423,0.666882169673265,MS,SC
184,梅州市,广东省,0.644462147995022,8.631751048058002,1.409900526273307,MZ,GD
185,绵阳市,四川省,0.670805494820355,12.218489130087477,1.930294813600079,MY,SC
186,牡丹江市,黑龙江省,0.611266270787707,14.934221868852912,4.397278308863537,MD,HL
187,那曲市,西藏自治区,0.868508235329951,49.39032035308654,33.97085803682517,NQ,XZ
188,南昌市,江西省,0.6353390577758,5.757903490499851,0.663461464271201,NC,JX
189,南充市,四川省,0.667466065090016,8.051563041181824,1.181208955655803,NC,SC
190,南京市,江苏省,0.652535748273874,7.029716002016797,0.628155674475877,NJ,JS
191,南宁市,广西壮族自治区,0.577367227558968,11.488665181101204,1.947307822635906,NN,GX
192,南平市,福建省,0.527463038351176,12.37747186167416,2.397597777647559,NP,FJ
193,南通市,江苏省,0.662548427475082,6.532277457699852,0.909542452384263,NT,JS
194,南阳市,河南省,0.662813965245298,11.491351429069256,2.559137799453213,NY,HN
195,内江市,四川省,0.599505762073791,6.485910927696502,0.501551602940593,NJ,SC
196,宁波市,浙江省,0.618735595973477,12.232024870338629,0.892484625876494,NB,ZJ
197,宁德市,福建省,0.535079345537763,16.758147961227834,1.187204002546994,ND,FJ
198,怒江傈僳族自治州,云南省,0.649168992805868,10.910499042167556,1.327334087531115,NJ,YN
199,攀枝花市,四川省,0.672116993931737,6.392049428710299,0.671675017369362,PZ,SC
200,盘锦市,辽宁省,0.610604110999553,5.632680977646928,0.39488308873235,PJ,LN
201,平顶山市,河南省,0.637006547284208,6.440322446807203,0.77000085234077,PD,HN
202,平凉市,甘肃省,0.54670444787671,10.920965763301425,1.101864055614886,PL,GS
203,萍乡市,江西省,0.616760903424285,4.209592760447062,0.350068054908239,PX,JX
204,莆田市,福建省,0.476018623978986,5.803287853711519,0.35285428550371,PT,FJ
205,濮阳市,河南省,0.596506799919046,5.446031285914022,0.425710235749982,PY,HN
206,普洱市,云南省,0.581734108763805,15.014700502881157,3.90502307825454,PE,YN
207,七台河市,黑龙江省,0.65078317157656,6.120307045760281,0.641309673464091,QT,HL
208,齐齐哈尔市,黑龙江省,0.623572511222616,18.503148090221327,5.064172537965471,QQ,HL
209,潜江市,湖北省,0.595626954631012,2.919043177763562,0.18730043295033,QJ,HB
210,黔东南苗族侗族自治州,贵州省,0.590969869153066,15.744960097967924,2.742270563160193,QD,GZ
211,黔南布依族苗族自治州,贵州省,0.596250868904744,15.935461110804166,2.361596710020242,QN,GZ
212,黔西南布依族苗族自治州,贵州省,0.516376796175511,9.06918973802315,1.505741674062538,QX,GZ
213,钦州市,广西壮族自治区,0.490225305778056,8.757737848366617,0.936420358615706,QZ,GX
214,秦皇岛市,河北省,0.755432438716622,5.597730954607468,0.823495969269184,QH,HB
215,青岛市,山东省,0.632379028167264,11.031605263391032,1.110746207897811,QD,SD
216,清远市,广东省,0.613226921842026,9.383003336103917,1.692983222204432,QY,GD
217,庆阳市,甘肃省,0.526870670099212,11.762634557764702,2.716419453984011,QY,GS
218,琼海市,海南省,0.657414653639357,2.581414445590029,0.144983477188536,QH,HN
219,琼中黎族苗族自治县,海南省,0.525967274133405,3.098341771805795,0.232175755920842,QZ,HN
220,曲靖市,云南省,0.584148815684318,12.907367049433772,2.60139303254482,QJ,YN
221,衢州市,浙江省,0.637512638605855,6.612891557739108,0.818378852580496,QZ,ZJ
222,泉州市,福建省,0.431445411036384,10.030067073503528,1.002148870453487,QZ,FJ
223,日喀则市,西藏自治区,0.792295352566717,40.75670403027135,16.66603309443684,RK,XZ
224,日照市,山东省,0.627591373646178,5.285518936548445,0.53073168232574,RZ,SD
225,三门峡市,河南省,0.706312090342141,7.825715817283917,0.973375305789147,SM,HN
226,三明市,福建省,0.545152818632686,11.61288450222608,2.075571019118811,SM,FJ
227,三亚市,海南省,0.668122782333315,3.808814799408228,0.162692503700247,SY,HN
228,厦门市,福建省,0.486075891430662,3.264356672074037,0.141716513490388,XM,FJ
229,山南市,西藏自治区,0.626214661490852,16.683404170098395,7.260109919530024,SN,XZ
230,汕头市,广东省,0.648406685487506,4.150780253392226,0.192184078755742,ST,GD
231,汕尾市,广东省,0.671261688945095,6.231000475511816,0.424512677306788,SW,GD
232,商洛市,陕西省,0.629376618139039,9.408539277438567,1.903381219963594,SL,SX
233,商丘市,河南省,0.596997097916729,7.46092978934465,1.047756594316104,SQ,HN
234,上海市,上海市,0.672445178155467,6.412778030441544,0.776491307466251,SH,SH
235,上饶市,江西省,0.577642118676923,13.768031487492228,2.101510982859944,SR,JX
236,韶关市,广东省,0.663256777087422,11.25513168148868,1.64387408428064,SG,GD
237,邵阳市,湖南省,0.554312079281348,9.858933095900143,1.891713528355468,SY,HN
238,绍兴市,浙江省,0.58898784231177,6.58699256725942,0.771658929888423,SX,ZJ
239,深圳市,广东省,0.599017962805653,3.769464226682506,0.171135047397885,SZ,GD
240,神农架林区,湖北省,0.749726381969189,3.474525120575092,0.307340706451623,SN,HB
241,沈阳市,辽宁省,0.635399060867917,9.514207852940702,1.400583277405687,SY,LN
242,十堰市,湖北省,0.590339227456495,11.622981288095849,2.271576374295779,SY,HB
243,石河子市,新疆维吾尔自治区,0.56966012533299,1.163494681611742,0.051765210241074,SH,XJ
244,石家庄市,河北省,0.615351923797184,8.17472255756627,1.444548026716355,SJ,HB
245,石嘴山市,宁夏回族自治区,0.614687617551689,3.253863896688144,0.424720095581143,SZ,NX
246,双河市,新疆维吾尔自治区,0.0,3.186398662116362,0.082531842459585,SH,XJ
247,双鸭山市,黑龙江省,0.561728965010943,13.56747268249538,2.591769768464537,SY,HL
248,朔州市,山西省,0.596554259124552,6.253342202246357,1.115005417526497,SZ,SX
249,四平市,吉林省,0.636169549348028,10.459406331656671,1.139366848400045,SP,JL
250,松原市,吉林省,0.621776347533714,11.275536379519927,2.406743331460543,SY,JL
251,苏州市,江苏省,0.669673875898568,6.122782766415899,0.8216087808676,SZ,JS
252,宿迁市,江苏省,0.597089003786562,5.870152423558309,0.829822587126036,SQ,JS
253,宿州市,安徽省,0.545362638203057,8.895893493363467,0.968451329914269,SZ,AH
254,绥化市,黑龙江省,0.527547397440779,17.25261971455993,4.120043042513721,SH,HL
255,随州市,湖北省,0.627250286653289,6.767544621207643,0.915707381521084,SZ,HB
256,遂宁市,四川省,0.647841906966555,4.979600677007678,0.500804661990184,SN,SC
257,塔城地区,新疆维吾尔自治区,0.495985374507296,27.047298140027856,10.92445629778722,TC,XJ
258,台湾省,台湾省,0.0,15.775089662221028,3.206483647057067,TW,TW
259,台州市,浙江省,0.588077343134667,11.867635785978663,0.895637095955447,TZ,ZJ
260,太原市,山西省,0.607776692541798,5.826129883448271,0.70791519018351,TY,SX
261,泰安市,山东省,0.62612797204207,7.553304198228529,0.77555690907856,TA,SD
262,泰州市,江苏省,0.591779550276472,5.371831388400821,0.555896681454081,TZ,JS
263,唐山市,河北省,0.694129111264335,10.046004058908103,1.45110616442077,TS,HB
264,天津市,天津市,0.621119342698104,11.483071206267851,1.242278709181019,TJ,TJ
265,天门市,湖北省,0.76086357484471,3.377102391226084,0.245995197934175,TM,HB
266,天水市,甘肃省,0.565737180229009,9.110124810442535,1.403802985018205,TS,GS
267,铁岭市,辽宁省,0.635974863840265,8.702210701394065,1.425004892537118,TL,LN
268,通化市,吉林省,0.607272208148665,10.180836031274351,1.693798440023792,TH,JL
269,通辽市,内蒙古自治区,0.744337765876464,18.49157086649456,6.585377882104896,TL,NM
270,铜川市,陕西省,0.626858166710974,3.89609975642362,0.384603310466437,TC,SX
271,铜陵市,安徽省,0.638571781247637,3.61468462702031,0.28016092824364,TL,AH
272,铜仁市,贵州省,0.528230647114943,12.276355637157057,1.651945801164275,TR,GZ
273,图木舒克市,新疆维吾尔自治区,0.0,3.445157072168533,0.201097157436995,TM,XJ
274,吐鲁番市,新疆维吾尔自治区,0.675574639407478,14.665467497037293,7.627444028447636,TL,XJ
275,屯昌县,海南省,0.611060175462977,2.080667931832629,0.105189614496667,TC,HN
276,万宁市,海南省,0.661528676340592,3.173701233449554,0.161547627777627,WN,HN
277,威海市,山东省,0.687244392133945,7.77380549005969,0.569793552147698,WH,SD
278,潍坊市,山东省,0.617974747638818,9.006741068547576,1.599223956678414,WF,SD
279,渭南市,陕西省,0.598722083160298,8.19582638702601,1.281407207167776,WN,SX
280,温州市,浙江省,0.593109046323054,11.63749807322682,1.070791942084502,WZ,ZJ
281,文昌市,海南省,0.637110913846738,3.848603844606518,0.203986104588917,WC,HN
282,文山壮族苗族自治州,云南省,0.563804754028611,11.872968426259492,2.780522215422321,WS,YN
283,乌海市,内蒙古自治区,0.731047871834961,2.989589022823029,0.173173019217406,WH,NM
284,乌兰察布市,内蒙古自治区,0.604185854972179,16.687556198425757,5.888943878704421,WL,NM
285,乌鲁木齐市,新疆维吾尔自治区,0.58236542580636,10.140875135084723,1.541459137926388,WL,XJ
286,无锡市,江苏省,0.605772419129761,5.708385516538037,0.439209156336242,WX,JS
287,芜湖市,安徽省,0.576492274599855,5.935840370919199,0.567661082171204,WH,AH
288,吴忠市,宁夏回族自治区,0.500187475436301,12.671798885427746,1.706013999819584,WZ,NX
289,梧州市,广西壮族自治区,0.529310117541274,9.111163977292629,1.110609522394035,WZ,GX
290,五家渠市,新疆维吾尔自治区,0.561380410573758,1.984962724334639,0.083440866696919,WJ,XJ
291,五指山市,海南省,0.666267889623526,1.726486350061083,0.098040607508104,WZ,HN
292,武汉市,湖北省,0.6397030467731,7.077969482444575,0.806980875931323,WH,HB
293,武威市,甘肃省,0.600865990255232,15.62091831805235,3.349264895874456,WW,GS
294,西安市,陕西省,0.637691913029859,6.942060697590585,0.987197842533977,XA,SX
295,西宁市,青海省,0.582980136332877,5.35817810465312,0.764040905413005,XN,QH
296,西双版纳傣族自治州,云南省,0.616569006279075,8.133346482752797,1.664691352399927,XS,YN
297,锡林郭勒盟,内蒙古自治区,0.666915289313372,32.21576142350948,22.509237089213048,XL,NM
298,仙桃市,湖北省,0.592625202030507,3.146511095990268,0.236248990805449,XT,HB
299,咸宁市,湖北省,0.639030363269724,6.770195973566207,0.909045117380574,XN,HB
300,咸阳市,陕西省,0.612374717935289,7.347448318218045,1.016239174372725,XY,SX
301,香港特别行政区,香港特别行政区,0.0,6.552941179240433,0.09736827184523,XG,XG
302,湘潭市,湖南省,0.610347253092025,5.424481492045341,0.45811232081539,XT,HN
303,湘西土家族苗族自治州,湖南省,0.693632807596159,8.970693428211012,1.428619139676414,XX,HN
304,襄阳市,湖北省,0.599804949185025,10.130195317901409,1.881470010325405,XY,HB
305,孝感市,湖北省,0.688489899346105,7.722265105114976,0.842861015349776,XG,HB
306,忻州市,山西省,0.555623441011168,10.730997870154498,2.61076019920367,XZ,SX
307,新乡市,河南省,0.592771400129617,6.338665867761086,0.819877299117922,XX,HN
308,新余市,江西省,0.562448323591631,3.673079531556371,0.289409404650178,XY,JX
309,信阳市,河南省,0.561700947974738,10.194873862829256,1.806663744382789,XY,HN
310,邢台市,河北省,0.582922618826047,7.967556606354715,1.263015520411446,XT,HB
311,兴安盟,内蒙古自治区,0.729902968799731,20.38861261440857,6.438426676014291,XA,NM
312,许昌市,河南省,0.598727679064676,4.915542991967417,0.486844167998564,XC,HN
313,宣城市,安徽省,0.593179662798334,8.461707189420949,1.159114118079449,XC,AH
314,雅安市,四川省,0.637635568729488,8.689812721482177,1.405948287347403,YA,SC
315,烟台市,山东省,0.623909663651109,11.831507779688618,1.398839146618719,YT,SD
316,延安市,陕西省,0.693862094647341,14.347394111241838,3.723019841779275,YA,SX
317,延边朝鲜族自治州,吉林省,0.689928770357646,18.44382559622232,4.793540486919751,YB,JL
318,盐城市,江苏省,0.689882516986727,8.36483568047217,1.505152535568961,YC,JS
319,扬州市,江苏省,0.64527772997291,5.282831828389377,0.633676859686817,YZ,JS
320,阳江市,广东省,0.581369592979039,7.167438832723652,0.683769788649943,YJ,GD
321,阳泉市,山西省,0.643665799054875,3.812552250107372,0.468528423704366,YQ,SX
322,伊春市,黑龙江省,0.604224729217158,16.46779169409303,3.937828369424009,YC,HL
323,伊犁哈萨克自治州,新疆维吾尔自治区,0.626843303224505,21.29444147565001,6.133178529937453,YL,XJ
324,宜宾市,四川省,0.603303311229337,8.643093337962606,1.222860891564778,YB,SC
325,宜昌市,湖北省,0.609157758574586,9.57440614424279,1.998366622126575,YC,HB
326,宜春市,江西省,0.620669381384845,11.15190925947232,1.71750266544114,YC,JX
327,益阳市,湖南省,0.558803868880848,10.86687204540946,1.136381455222186,YY,HN
328,银川市,宁夏回族自治区,0.600479004331332,5.061808049786682,0.715173012612644,YC,NX
329,鹰潭市,江西省,0.627842886085328,3.80780108568456,0.327062471611503,YT,JX
330,营口市,辽宁省,0.604717208030945,5.563847286806081,0.568356247944262,YK,LN
331,永州市,湖南省,0.580884153473849,11.4841499886125,2.003699238717422,YZ,HN
332,榆林市,陕西省,0.552947503259029,19.225466027259415,4.403507578991587,YL,SX
333,玉林市,广西壮族自治区,0.511733052051641,8.209469532918817,1.124940535041265,YL,GX
334,玉树藏族自治州,青海省,0.95203086349414,35.47284175050163,20.05061728098263,YS,QH
335,玉溪市,云南省,0.606059312101008,11.888196466175026,1.327360745926192,YX,YN
336,岳阳市,湖南省,0.59190897698947,10.282250058720916,1.377464763491567,YY,HN
337,云浮市,广东省,0.573318217822126,6.514914105901193,0.684612433328111,YF,GD
338,运城市,山西省,0.58615167496719,6.954664424516183,1.408291386662424,YC,SX
339,枣庄市,山东省,0.626124622584354,3.783767879287939,0.449008382442162,ZZ,SD
340,湛江市,广东省,0.628489218668733,14.816241937182715,1.074218429555235,ZJ,GD
341,张家界市,湖南省,0.707894147757038,6.656811269161379,0.886239847996459,ZJ,HN
342,张家口市,河北省,0.704425457958097,14.062786719627368,3.929465366448482,ZJ,HB
343,张掖市,甘肃省,0.571669730902818,18.491977451003844,4.004667276280811,ZY,GS
344,漳州市,福建省,0.486392174480711,10.283777224722288,1.124243657868378,ZZ,FJ
345,长春市,吉林省,0.684685808653863,14.443812658995752,2.788048097672397,CC,JL
346,长沙市,湖南省,0.620388477636195,9.506741172291424,1.086292294295268,CS,HN
347,长治市,山西省,0.60478948848915,7.195850342443776,1.40445661939392,ZZ,SX
348,昭通市,云南省,0.560824132957257,12.04607946268121,2.052649552739792,ZT,YN
349,肇庆市,广东省,0.593307135925334,7.604194167753546,1.317452166540401,ZQ,GD
350,镇江市,江苏省,0.610526419815763,4.382937442334677,0.366782603609869,ZJ,JS
351,中山市,广东省,0.586105957594001,2.10218134608496,0.153089965708853,ZS,GD
352,中卫市,宁夏回族自治区,0.588877218147724,10.962360177869478,1.382628240412574,ZW,NX
353,重庆市,重庆市,0.614858195647519,32.24743692390983,7.706424327643165,CQ,CQ
354,舟山市,浙江省,0.694528963647085,11.827977554299563,0.129037672774021,ZS,ZJ
355,周口市,河南省,0.613233392818162,7.594907810689778,1.163340064579292,ZK,HN
356,珠海市,广东省,0.635192404753331,6.13854988216524,0.138850907583066,ZH,GD
357,株洲市,湖南省,0.620802904823596,8.284163901069823,1.023706428530539,ZZ,HN
358,驻马店市,河南省,0.551921651662577,8.552572397399684,1.453950563686149,ZM,HN
359,资阳市,四川省,0.596878641745668,6.375440335830103,0.537686092351844,ZY,SC
360,淄博市,山东省,0.626483658115238,7.286133766893662,0.600994594696905,ZB,SD
361,自贡市,四川省,0.6440274650051,6.242448925524251,0.406812647917984,ZG,SC
362,遵义市,贵州省,0.584601089355411,16.651271209910288,2.827323356963668,ZY,GZ
363,三沙市,海南省,0.0,36.93156981551239,0.52621330056521,SS,HN
364,济宁市,山东省,0.639431176882364,9.920593408868664,1.102936930329038,JN,SD
365,铁门关市,新疆维吾尔自治区,0.0,8.549742274338383,0.216097366759505,TM,XJ
366,徐州市,江苏省,0.60413769581008,9.601214853138735,1.099634705087946,XZ,JS
367,新星市,新疆维吾尔自治区,0.575363875186327,2.176205410334571,0.06522340550294,XX,XJ
368,丹东市,辽宁省,0.610550516164804,10.56905037455337,1.600611427174655,DD,LN
369,郑州市,河南省,0.606452611103581,6.134761600174469,0.763526378833671,ZZ,HN
370,阿坝藏族羌族自治州,四川省,0.794581829290153,24.175647724233126,7.957278639161501,AB,SC
