Unnamed: 0,city,lineName,lineShortName,lineID,station,whetherTrans,transStation,lat,long,wheterTerminal,UID
0,北京市地铁,S1线,S1线,900000069871,苹果园,1,"地铁6号线, S1线",39.92439041230457,116.17278558742734,1,北京市地铁苹果园
1,北京市地铁,S1线,S1线,900000069871,金安桥,1,"地铁6号线, 地铁11号线, S1线",39.92197200134316,116.15638073302507,1,北京市地铁金安桥
2,北京市地铁,S1线,S1线,900000069871,四道桥,0,S1线,39.91465768348885,116.12773308771517,0,北京市地铁四道桥
3,北京市地铁,S1线,S1线,900000069871,桥户营,0,S1线,39.91100099307157,116.11951618533074,0,北京市地铁桥户营
4,北京市地铁,S1线,S1线,900000069871,上岸,0,S1线,39.90375268257285,116.11592682419759,0,北京市地铁上岸
5,北京市地铁,S1线,S1线,900000069871,栗园庄,0,S1线,39.89439609512222,116.11695876914224,0,北京市地铁栗园庄
6,北京市地铁,S1线,S1线,900000069871,小园,0,S1线,39.88907405646034,116.10813506411311,0,北京市地铁小园
7,北京市地铁,S1线,S1线,900000069871,石厂,0,S1线,39.887981788931185,116.09401288346729,1,北京市地铁石厂
8,北京市地铁,地铁1号线(八通线),1号线八通线,110100023110,古城,0,地铁1号线(八通线),39.90617576258305,116.18421099717719,1,北京市地铁古城
9,北京市地铁,地铁1号线(八通线),1号线八通线,110100023110,八角游乐园,0,地铁1号线(八通线),39.90620196549753,116.20661059435999,0,北京市地铁八角游乐园
10,北京市地铁,地铁1号线(八通线),1号线八通线,110100023110,八宝山,0,地铁1号线(八通线),39.90622093294935,116.22990972140519,0,北京市地铁八宝山
11,北京市地铁,地铁1号线(八通线),1号线八通线,110100023110,玉泉路,0,地铁1号线(八通线),39.90621711066595,116.24685917902724,0,北京市地铁玉泉路
12,北京市地铁,地铁1号线(八通线),1号线八通线,110100023110,五棵松,0,地铁1号线(八通线),39.90622908326877,116.26794997401227,0,北京市地铁五棵松
13,北京市地铁,地铁1号线(八通线),1号线八通线,110100023110,万寿路,0,地铁1号线(八通线),39.90622176277187,116.2887005227396,0,北京市地铁万寿路
14,北京市地铁,地铁1号线(八通线),1号线八通线,110100023110,公主坟,1,"地铁10号线, 地铁1号线(八通线)",39.90619159470685,116.30382541537507,0,北京市地铁公主坟
15,北京市地铁,地铁1号线(八通线),1号线八通线,110100023110,军事博物馆,1,"地铁9号线, 地铁1号线(八通线)",39.90612318577388,116.31534011520706,0,北京市地铁军事博物馆
16,北京市地铁,地铁1号线(八通线),1号线八通线,110100023110,木樨地,1,"地铁16号线, 地铁1号线(八通线)",39.90604938527762,116.33142727819772,0,北京市地铁木樨地
17,北京市地铁,地铁1号线(八通线),1号线八通线,110100023110,南礼士路,0,地铁1号线(八通线),39.90587740202001,116.34639482912021,0,北京市地铁南礼士路
18,北京市地铁,地铁1号线(八通线),1号线八通线,110100023110,复兴门,1,"地铁2号线, 地铁1号线(八通线)",39.90587836589652,116.35066936443873,0,北京市地铁复兴门
19,北京市地铁,地铁1号线(八通线),1号线八通线,110100023110,西单,1,"地铁4号线大兴线, 地铁1号线(八通线)",39.90599570236026,116.36784703747026,0,北京市地铁西单
20,北京市地铁,地铁1号线(八通线),1号线八通线,110100023110,天安门西,0,地铁1号线(八通线),39.906070735601,116.3850368334985,0,北京市地铁天安门西
21,北京市地铁,地铁1号线(八通线),1号线八通线,110100023110,天安门东,0,地铁1号线(八通线),39.90637602254212,116.39497219021592,0,北京市地铁天安门东
22,北京市地铁,地铁1号线(八通线),1号线八通线,110100023110,王府井,1,"地铁8号线, 地铁1号线(八通线)",39.90666677055712,116.40533020731189,0,北京市地铁王府井
23,北京市地铁,地铁1号线(八通线),1号线八通线,110100023110,东单,1,"地铁5号线, 地铁1号线(八通线)",39.906926606228026,116.41224458412643,0,北京市地铁东单
24,北京市地铁,地铁1号线(八通线),1号线八通线,110100023110,建国门,1,"地铁2号线, 地铁1号线(八通线)",39.90712158606579,116.42959590908748,0,北京市地铁建国门
25,北京市地铁,地铁1号线(八通线),1号线八通线,110100023110,永安里,0,地铁1号线(八通线),39.90710050471583,116.44432076342399,0,北京市地铁永安里
26,北京市地铁,地铁1号线(八通线),1号线八通线,110100023110,国贸,1,"地铁10号线, 地铁1号线(八通线)",39.907775821516466,116.45569749607971,0,北京市地铁国贸
27,北京市地铁,地铁1号线(八通线),1号线八通线,110100023110,大望路,1,"地铁14号线, 地铁1号线(八通线)",39.906995039414554,116.4696861683752,0,北京市地铁大望路
28,北京市地铁,地铁1号线(八通线),1号线八通线,110100023110,四惠,0,地铁1号线(八通线),39.907514004594866,116.48943196712774,0,北京市地铁四惠
29,北京市地铁,地铁1号线(八通线),1号线八通线,110100023110,四惠东,0,地铁1号线(八通线),39.907319999702224,116.50971604179907,0,北京市地铁四惠东
30,北京市地铁,地铁1号线(八通线),1号线八通线,110100023110,高碑店,0,地铁1号线(八通线),39.90831644780911,116.52552748281371,0,北京市地铁高碑店
31,北京市地铁,地铁1号线(八通线),1号线八通线,110100023110,传媒大学,0,地铁1号线(八通线),39.908135703517885,116.54880978297665,0,北京市地铁传媒大学
32,北京市地铁,地铁1号线(八通线),1号线八通线,110100023110,双桥,0,地铁1号线(八通线),39.90909165745483,116.5709666936864,0,北京市地铁双桥
33,北京市地铁,地铁1号线(八通线),1号线八通线,110100023110,管庄,0,地铁1号线(八通线),39.908051195354425,116.59321610566938,0,北京市地铁管庄
34,北京市地铁,地铁1号线(八通线),1号线八通线,110100023110,八里桥,0,地铁1号线(八通线),39.90507291672019,116.612855144739,0,北京市地铁八里桥
35,北京市地铁,地铁1号线(八通线),1号线八通线,110100023110,通州北苑,0,地铁1号线(八通线),39.90279411260547,116.63141560372523,0,北京市地铁通州北苑
36,北京市地铁,地铁1号线(八通线),1号线八通线,110100023110,果园,0,地铁1号线(八通线),39.89224489843297,116.64076390750554,0,北京市地铁果园
37,北京市地铁,地铁1号线(八通线),1号线八通线,110100023110,九棵树,0,地铁1号线(八通线),39.88917481574889,116.65164777652929,0,北京市地铁九棵树
38,北京市地铁,地铁1号线(八通线),1号线八通线,110100023110,梨园,0,地铁1号线(八通线),39.88255304144043,116.66280439488919,0,北京市地铁梨园
39,北京市地铁,地铁1号线(八通线),1号线八通线,110100023110,临河里,0,地铁1号线(八通线),39.874353126751664,116.6728677307203,0,北京市地铁临河里
40,北京市地铁,地铁1号线(八通线),1号线八通线,110100023110,土桥,0,地铁1号线(八通线),39.87076919071298,116.68038507141011,0,北京市地铁土桥
41,北京市地铁,地铁1号线(八通线),1号线八通线,110100023110,花庄,1,"地铁7号线, 地铁1号线(八通线)",39.85554976022756,116.68950838691354,0,北京市地铁花庄
42,北京市地铁,地铁1号线(八通线),1号线八通线,110100023110,环球度假区,1,"地铁7号线, 地铁1号线(八通线)",39.84801003044088,116.67315816374618,1,北京市地铁环球度假区
43,北京市地铁,地铁2号线,2号线,110100023098,积水潭,1,"地铁19号线, 地铁2号线",39.94726508402908,116.3668970593392,1,北京市地铁积水潭
44,北京市地铁,地铁2号线,2号线,110100023098,鼓楼大街,1,"地铁8号线, 地铁2号线",39.94756796280904,116.38752839042444,0,北京市地铁鼓楼大街
45,北京市地铁,地铁2号线,2号线,110100023098,安定门,0,地铁2号线,39.947774997893035,116.40199232133104,0,北京市地铁安定门
46,北京市地铁,地铁2号线,2号线,110100023098,雍和宫,1,"地铁5号线, 地铁2号线",39.94793496526531,116.41082702847778,0,北京市地铁雍和宫
47,北京市地铁,地铁2号线,2号线,110100023098,东直门,1,"地铁13号线, 首都机场线, 地铁2号线",39.94024527095312,116.42962776694787,1,北京市地铁东直门
48,北京市地铁,地铁2号线,2号线,110100023098,东四十条,1,"地铁3号线, 地铁2号线",39.932321139948776,116.42792054851422,1,北京市地铁东四十条
49,北京市地铁,地铁2号线,2号线,110100023098,朝阳门,1,"地铁6号线, 地铁2号线",39.92311714501791,116.42836955037428,0,北京市地铁朝阳门
50,北京市地铁,地铁2号线,2号线,110100023098,建国门,1,"地铁1号线(八通线), 地铁2号线",39.90712158606579,116.42959590908748,0,北京市地铁建国门
51,北京市地铁,地铁2号线,2号线,110100023098,北京站,0,地铁2号线,39.903592759705006,116.42106282091744,0,北京市地铁北京站
52,北京市地铁,地铁2号线,2号线,110100023098,崇文门,1,"地铁5号线, 地铁2号线",39.89966398150499,116.41085720571535,0,北京市地铁崇文门
53,北京市地铁,地铁2号线,2号线,110100023098,前门,1,"地铁8号线, 地铁2号线",39.89878878400714,116.39169443132049,0,北京市地铁前门
54,北京市地铁,地铁2号线,2号线,110100023098,和平门,0,地铁2号线,39.89870145285599,116.3779737360594,0,北京市地铁和平门
55,北京市地铁,地铁2号线,2号线,110100023098,宣武门,1,"地铁4号线大兴线, 地铁2号线",39.89837776910662,116.36808968601086,0,北京市地铁宣武门
56,北京市地铁,地铁2号线,2号线,110100023098,长椿街,0,地铁2号线,39.89805983920398,116.35714750010993,0,北京市地铁长椿街
57,北京市地铁,地铁2号线,2号线,110100023098,复兴门,1,"地铁1号线(八通线), 地铁2号线",39.90587836589652,116.35066936443873,0,北京市地铁复兴门
58,北京市地铁,地铁2号线,2号线,110100023098,阜成门,0,地铁2号线,39.922323047339326,116.34981193574416,0,北京市地铁阜成门
59,北京市地铁,地铁2号线,2号线,110100023098,车公庄,1,"地铁6号线, 地铁2号线",39.93103639108687,116.34816207833846,0,北京市地铁车公庄
60,北京市地铁,地铁2号线,2号线,110100023098,西直门,1,"地铁4号线大兴线, 地铁2号线",39.93911131447149,116.34922794399,1,北京市地铁西直门
61,北京市地铁,地铁3号线,3号线,900000058113,东四十条,1,"地铁2号线, 地铁3号线",39.932321139948776,116.42792054851422,1,北京市地铁东四十条
62,北京市地铁,地铁3号线,3号线,900000058113,工人体育场,1,"地铁17号线北段, 地铁3号线",39.93270333714294,116.44426839053907,1,北京市地铁工人体育场
63,北京市地铁,地铁3号线,3号线,900000058113,团结湖,1,"地铁10号线, 地铁3号线",39.932400841970946,116.45403428061877,0,北京市地铁团结湖
64,北京市地铁,地铁3号线,3号线,900000058113,朝阳公园,1,"地铁14号线, 地铁3号线",39.9322059550819,116.47219994726204,0,北京市地铁朝阳公园
65,北京市地铁,地铁3号线,3号线,900000058113,石佛营,0,地铁3号线,39.93399812630096,116.49285968920722,0,北京市地铁石佛营
66,北京市地铁,地铁3号线,3号线,900000058113,朝阳站,0,地铁3号线,39.94256738563572,116.49977179856155,0,北京市地铁朝阳站
67,北京市地铁,地铁3号线,3号线,900000058113,姚家园,0,地铁3号线,39.94660492822904,116.5213701074893,0,北京市地铁姚家园
68,北京市地铁,地铁3号线,3号线,900000058113,东坝南,0,地铁3号线,39.95104398647667,116.54127837472319,0,北京市地铁东坝南
69,北京市地铁,地铁3号线,3号线,900000058113,东坝,0,地铁3号线,39.96463543690189,116.54127170100746,0,北京市地铁东坝
70,北京市地铁,地铁3号线,3号线,900000058113,东坝北,1,"地铁12号线, 地铁3号线",39.974555390078464,116.55123296218842,1,北京市地铁东坝北
71,北京市地铁,地铁4号线大兴线,4号线大兴线,110100023076,天宫院,0,地铁4号线大兴线,39.669068216475225,116.31384616858514,1,北京市地铁天宫院
72,北京市地铁,地铁4号线大兴线,4号线大兴线,110100023076,生物医药基地,0,地铁4号线大兴线,39.68523029921168,116.31557026827569,0,北京市地铁生物医药基地
73,北京市地铁,地铁4号线大兴线,4号线大兴线,110100023076,义和庄,0,地铁4号线大兴线,39.71110841199846,116.3129898487861,0,北京市地铁义和庄
74,北京市地铁,地铁4号线大兴线,4号线大兴线,110100023076,黄村火车站,0,地铁4号线大兴线,39.72166014368939,116.32648974989341,0,北京市地铁黄村火车站
75,北京市地铁,地铁4号线大兴线,4号线大兴线,110100023076,黄村西大街,0,地铁4号线大兴线,39.730462000466936,116.3265086039445,0,北京市地铁黄村西大街
76,北京市地铁,地铁4号线大兴线,4号线大兴线,110100023076,清源路,0,地铁4号线大兴线,39.74141592624967,116.32638950386094,0,北京市地铁清源路
77,北京市地铁,地铁4号线大兴线,4号线大兴线,110100023076,枣园,0,地铁4号线大兴线,39.75214932173112,116.32607986771426,0,北京市地铁枣园
78,北京市地铁,地铁4号线大兴线,4号线大兴线,110100023076,高米店南,0,地铁4号线大兴线,39.762180418074124,116.32548098312135,0,北京市地铁高米店南
79,北京市地铁,地铁4号线大兴线,4号线大兴线,110100023076,高米店北,0,地铁4号线大兴线,39.77223899466038,116.32466359736566,0,北京市地铁高米店北
80,北京市地铁,地铁4号线大兴线,4号线大兴线,110100023076,西红门,0,地铁4号线大兴线,39.78849454375855,116.32256837023296,0,北京市地铁西红门
81,北京市地铁,地铁4号线大兴线,4号线大兴线,110100023076,新宫,1,"地铁19号线, 地铁4号线大兴线",39.81122076104181,116.35934879657242,1,北京市地铁新宫
82,北京市地铁,地铁4号线大兴线,4号线大兴线,110100023076,公益西桥,0,地铁4号线大兴线,39.8347552857656,116.36458465065887,0,北京市地铁公益西桥
83,北京市地铁,地铁4号线大兴线,4号线大兴线,110100023076,角门西,1,"地铁10号线, 地铁4号线大兴线",39.84446924399416,116.36494089956584,0,北京市地铁角门西
84,北京市地铁,地铁4号线大兴线,4号线大兴线,110100023076,马家堡,0,地铁4号线大兴线,39.85172756448605,116.3651466808185,0,北京市地铁马家堡
85,北京市地铁,地铁4号线大兴线,4号线大兴线,110100023076,北京南站,1,"地铁14号线, 地铁4号线大兴线",39.863638667472436,116.37273743259254,0,北京市地铁北京南站
86,北京市地铁,地铁4号线大兴线,4号线大兴线,110100023076,陶然亭,0,地铁4号线大兴线,39.87708369955794,116.36816130176011,0,北京市地铁陶然亭
87,北京市地铁,地铁4号线大兴线,4号线大兴线,110100023076,菜市口,1,"地铁7号线, 地铁4号线大兴线",39.88790912777704,116.36820187086536,0,北京市地铁菜市口
88,北京市地铁,地铁4号线大兴线,4号线大兴线,110100023076,宣武门,1,"地铁2号线, 地铁4号线大兴线",39.89837776910662,116.36808968601086,0,北京市地铁宣武门
89,北京市地铁,地铁4号线大兴线,4号线大兴线,110100023076,西单,1,"地铁1号线(八通线), 地铁4号线大兴线",39.90599570236026,116.36784703747026,0,北京市地铁西单
90,北京市地铁,地铁4号线大兴线,4号线大兴线,110100023076,灵境胡同,0,地铁4号线大兴线,39.914524703814735,116.36752038778715,0,北京市地铁灵境胡同
91,北京市地铁,地铁4号线大兴线,4号线大兴线,110100023076,西四,0,地铁4号线大兴线,39.92281882929023,116.36710589154784,0,北京市地铁西四
92,北京市地铁,地铁4号线大兴线,4号线大兴线,110100023076,平安里,1,"地铁6号线, 地铁19号线, 地铁4号线大兴线",39.932561950195655,116.36665626576213,0,北京市地铁平安里
93,北京市地铁,地铁4号线大兴线,4号线大兴线,110100023076,新街口,0,地铁4号线大兴线,39.939286056307864,116.36152201115493,0,北京市地铁新街口
94,北京市地铁,地铁4号线大兴线,4号线大兴线,110100023076,西直门,1,"地铁2号线, 地铁4号线大兴线",39.93911131447149,116.34922794399,1,北京市地铁西直门
95,北京市地铁,地铁4号线大兴线,4号线大兴线,110100023076,动物园,0,地铁4号线大兴线,39.93691638519677,116.33286811131013,0,北京市地铁动物园
96,北京市地铁,地铁4号线大兴线,4号线大兴线,110100023076,国家图书馆,1,"地铁9号线, 地铁16号线, 地铁4号线大兴线",39.941806587903315,116.31905813505695,1,北京市地铁国家图书馆
97,北京市地铁,地铁4号线大兴线,4号线大兴线,110100023076,魏公村,0,地铁4号线大兴线,39.95659977396789,116.31709076909632,0,北京市地铁魏公村
98,北京市地铁,地铁4号线大兴线,4号线大兴线,110100023076,人民大学,1,"地铁12号线, 地铁4号线大兴线",39.9656549490517,116.31524083659136,0,北京市地铁人民大学
99,北京市地铁,地铁4号线大兴线,4号线大兴线,110100023076,海淀黄庄,1,"地铁10号线, 地铁4号线大兴线",39.97470177654512,116.31144523816289,0,北京市地铁海淀黄庄
100,北京市地铁,地铁4号线大兴线,4号线大兴线,110100023076,中关村,0,地铁4号线大兴线,39.982698506591944,116.31034966547355,0,北京市地铁中关村
101,北京市地铁,地铁4号线大兴线,4号线大兴线,110100023076,北京大学东门,0,地铁4号线大兴线,39.990920332646034,116.30972501034435,0,北京市地铁北京大学东门
102,北京市地铁,地铁4号线大兴线,4号线大兴线,110100023076,圆明园,0,地铁4号线大兴线,39.99838037011552,116.30408028550438,0,北京市地铁圆明园
103,北京市地铁,地铁4号线大兴线,4号线大兴线,110100023076,西苑,1,"地铁16号线, 地铁4号线大兴线",39.99700769856149,116.2848385175282,0,北京市地铁西苑
104,北京市地铁,地铁4号线大兴线,4号线大兴线,110100023076,北宫门,0,地铁4号线大兴线,40.00113871187354,116.27159458249963,0,北京市地铁北宫门
105,北京市地铁,地铁4号线大兴线,4号线大兴线,110100023076,安河桥北,0,地铁4号线大兴线,40.01096713405466,116.26390914494837,1,北京市地铁安河桥北
106,北京市地铁,地铁5号线,5号线,110100023100,宋家庄,1,"地铁10号线, 地铁亦庄线, 地铁5号线",39.84446301090066,116.4221529595234,1,北京市地铁宋家庄
107,北京市地铁,地铁5号线,5号线,110100023100,刘家窑,0,地铁5号线,39.85612799201471,116.41589398528279,0,北京市地铁刘家窑
108,北京市地铁,地铁5号线,5号线,110100023100,蒲黄榆,1,"地铁14号线, 地铁5号线",39.86419141725885,116.41686213341038,0,北京市地铁蒲黄榆
109,北京市地铁,地铁5号线,5号线,110100023100,天坛东门,0,地铁5号线,39.88116259098293,116.41460332529164,0,北京市地铁天坛东门
110,北京市地铁,地铁5号线,5号线,110100023100,磁器口,1,"地铁7号线, 地铁5号线",39.89177537339157,116.4137080038655,0,北京市地铁磁器口
111,北京市地铁,地铁5号线,5号线,110100023100,崇文门,1,"地铁2号线, 地铁5号线",39.89966398150499,116.41085720571535,0,北京市地铁崇文门
112,北京市地铁,地铁5号线,5号线,110100023100,东单,1,"地铁1号线(八通线), 地铁5号线",39.906926606228026,116.41224458412643,0,北京市地铁东单
113,北京市地铁,地铁5号线,5号线,110100023100,灯市口,0,地铁5号线,39.915713745059485,116.41154579545226,0,北京市地铁灯市口
114,北京市地铁,地铁5号线,5号线,110100023100,东四,1,"地铁6号线, 地铁5号线",39.92297024735652,116.41125460012766,0,北京市地铁东四
115,北京市地铁,地铁5号线,5号线,110100023100,张自忠路,0,地铁5号线,39.93219164918674,116.41091611601489,0,北京市地铁张自忠路
116,北京市地铁,地铁5号线,5号线,110100023100,北新桥,1,"首都机场线, 地铁5号线",39.93938118523576,116.41064295477918,1,北京市地铁北新桥
117,北京市地铁,地铁5号线,5号线,110100023100,雍和宫,1,"地铁2号线, 地铁5号线",39.94793496526531,116.41082702847778,0,北京市地铁雍和宫
118,北京市地铁,地铁5号线,5号线,110100023100,和平里北街,0,地铁5号线,39.9573335717913,116.41226217816808,0,北京市地铁和平里北街
119,北京市地铁,地铁5号线,5号线,110100023100,和平西桥,1,"地铁12号线, 地铁5号线",39.966856820553815,116.41172644585002,0,北京市地铁和平西桥
120,北京市地铁,地铁5号线,5号线,110100023100,惠新西街南口,1,"地铁10号线, 地铁5号线",39.9757191722024,116.41129190686667,0,北京市地铁惠新西街南口
121,北京市地铁,地铁5号线,5号线,110100023100,惠新西街北口,0,地铁5号线,39.98643340084447,116.41078107280752,0,北京市地铁惠新西街北口
122,北京市地铁,地铁5号线,5号线,110100023100,大屯路东,1,"地铁15号线, 地铁5号线",40.00243795200817,116.4111283423617,0,北京市地铁大屯路东
123,北京市地铁,地铁5号线,5号线,110100023100,北苑路北,0,地铁5号线,40.02903220547456,116.41183760547571,0,北京市地铁北苑路北
124,北京市地铁,地铁5号线,5号线,110100023100,立水桥南,0,地铁5号线,40.04054941320983,116.40824005204082,0,北京市地铁立水桥南
125,北京市地铁,地铁5号线,5号线,110100023100,立水桥,1,"地铁13号线, 地铁5号线",40.05162377073215,116.4060911442114,0,北京市地铁立水桥
126,北京市地铁,地铁5号线,5号线,110100023100,天通苑南,0,地铁5号线,40.06504912043807,116.40640062069085,0,北京市地铁天通苑南
127,北京市地铁,地铁5号线,5号线,110100023100,天通苑,0,地铁5号线,40.07381261262741,116.40649755950007,0,北京市地铁天通苑
128,北京市地铁,地铁5号线,5号线,110100023100,天通苑北,0,地铁5号线,40.082258108782064,116.40662555980775,1,北京市地铁天通苑北
129,北京市地铁,地铁6号线,6号线,110100023339,潞城,0,地铁6号线,39.901425380479985,116.741352313765,1,北京市地铁潞城
130,北京市地铁,地铁6号线,6号线,110100023339,东夏园,0,地铁6号线,39.90192544534045,116.72778087053216,0,北京市地铁东夏园
131,北京市地铁,地铁6号线,6号线,110100023339,郝家府,0,地铁6号线,39.90198787248164,116.71178240647394,0,北京市地铁郝家府
132,北京市地铁,地铁6号线,6号线,110100023339,北运河东,0,地铁6号线,39.90207503967077,116.70103518989403,0,北京市地铁北运河东
133,北京市地铁,地铁6号线,6号线,110100023339,北运河西,0,地铁6号线,39.90186202570629,116.68238470579402,0,北京市地铁北运河西
134,北京市地铁,地铁6号线,6号线,110100023339,通州北关,0,地铁6号线,39.91685090042621,116.65523249678034,0,北京市地铁通州北关
135,北京市地铁,地铁6号线,6号线,110100023339,物资学院路,0,地铁6号线,39.925727073616024,116.63347220397537,0,北京市地铁物资学院路
136,北京市地铁,地铁6号线,6号线,110100023339,草房,0,地铁6号线,39.923430629501745,116.60977299828912,0,北京市地铁草房
137,北京市地铁,地铁6号线,6号线,110100023339,常营,0,地铁6号线,39.924656432015006,116.5939338392862,0,北京市地铁常营
138,北京市地铁,地铁6号线,6号线,110100023339,黄渠,0,地铁6号线,39.92315340555653,116.57247241749249,0,北京市地铁黄渠
139,北京市地铁,地铁6号线,6号线,110100023339,褡裢坡,0,地铁6号线,39.922956637635885,116.55814850920189,0,北京市地铁褡裢坡
140,北京市地铁,地铁6号线,6号线,110100023339,青年路,0,地铁6号线,39.92199746365603,116.5114856440111,0,北京市地铁青年路
141,北京市地铁,地铁6号线,6号线,110100023339,十里堡,0,地铁6号线,39.92186011895886,116.49604427119046,0,北京市地铁十里堡
142,北京市地铁,地铁6号线,6号线,110100023339,金台路,1,"地铁14号线, 地铁6号线",39.9222698682341,116.47202456163812,0,北京市地铁金台路
143,北京市地铁,地铁6号线,6号线,110100023339,呼家楼,1,"地铁10号线, 地铁6号线",39.92200768208687,116.45547200646014,0,北京市地铁呼家楼
144,北京市地铁,地铁6号线,6号线,110100023339,东大桥,0,地铁6号线,39.921702280301695,116.44548202401228,0,北京市地铁东大桥
145,北京市地铁,地铁6号线,6号线,110100023339,朝阳门,1,"地铁2号线, 地铁6号线",39.92311714501791,116.42836955037428,0,北京市地铁朝阳门
146,北京市地铁,地铁6号线,6号线,110100023339,东四,1,"地铁5号线, 地铁6号线",39.92297024735652,116.41125460012766,0,北京市地铁东四
147,北京市地铁,地铁6号线,6号线,110100023339,南锣鼓巷,1,"地铁8号线, 地铁6号线",39.93244295437595,116.39794512767475,0,北京市地铁南锣鼓巷
148,北京市地铁,地铁6号线,6号线,110100023339,北海北,0,地铁6号线,39.931847193771574,116.38058738264638,0,北京市地铁北海北
149,北京市地铁,地铁6号线,6号线,110100023339,平安里,1,"地铁4号线大兴线, 地铁19号线, 地铁6号线",39.932561950195655,116.36665626576213,0,北京市地铁平安里
150,北京市地铁,地铁6号线,6号线,110100023339,车公庄,1,"地铁2号线, 地铁6号线",39.93103639108687,116.34816207833846,0,北京市地铁车公庄
151,北京市地铁,地铁6号线,6号线,110100023339,车公庄西,0,地铁6号线,39.93112328428844,116.3379086148017,0,北京市地铁车公庄西
152,北京市地铁,地铁6号线,6号线,110100023339,二里沟,1,"地铁16号线, 地铁6号线",39.931086703697304,116.32755096036081,0,北京市地铁二里沟
153,北京市地铁,地铁6号线,6号线,110100023339,白石桥南,1,"地铁9号线, 地铁6号线",39.931714051848715,116.3195482844229,0,北京市地铁白石桥南
154,北京市地铁,地铁6号线,6号线,110100023339,花园桥,0,地铁6号线,39.93106018352954,116.30458468738003,0,北京市地铁花园桥
155,北京市地铁,地铁6号线,6号线,110100023339,慈寿寺,1,"地铁10号线, 地铁6号线",39.9320136256538,116.28939809589622,0,北京市地铁慈寿寺
156,北京市地铁,地铁6号线,6号线,110100023339,海淀五路居,0,地铁6号线,39.93135364184071,116.27048843574052,0,北京市地铁海淀五路居
157,北京市地铁,地铁6号线,6号线,110100023339,田村,0,地铁6号线,39.92828618319092,116.246882439933,0,北京市地铁田村
158,北京市地铁,地铁6号线,6号线,110100023339,廖公庄,0,地铁6号线,39.93119619511711,116.22124035010536,0,北京市地铁廖公庄
159,北京市地铁,地铁6号线,6号线,110100023339,西黄村,0,地铁6号线,39.93235614986962,116.20084323597962,0,北京市地铁西黄村
160,北京市地铁,地铁6号线,6号线,110100023339,杨庄,0,地铁6号线,39.926569025334395,116.1808665257818,0,北京市地铁杨庄
161,北京市地铁,地铁6号线,6号线,110100023339,苹果园,1,"S1线, 地铁6号线",39.92439041230457,116.17278558742734,1,北京市地铁苹果园
162,北京市地铁,地铁6号线,6号线,110100023339,金安桥,1,"S1线, 地铁11号线, 地铁6号线",39.92197200134316,116.15638073302507,1,北京市地铁金安桥
163,北京市地铁,地铁7号线,7号线,110100023054,环球度假区,1,"地铁1号线(八通线), 地铁7号线",39.84801003044088,116.67315816374618,1,北京市地铁环球度假区
164,北京市地铁,地铁7号线,7号线,110100023054,花庄,1,"地铁1号线(八通线), 地铁7号线",39.85554976022756,116.68950838691354,0,北京市地铁花庄
165,北京市地铁,地铁7号线,7号线,110100023054,高楼金,0,地铁7号线,39.862001373553746,116.67838272317876,0,北京市地铁高楼金
166,北京市地铁,地铁7号线,7号线,110100023054,群芳,0,地铁7号线,39.86238810857925,116.66487299117907,0,北京市地铁群芳
167,北京市地铁,地铁7号线,7号线,110100023054,万盛东,0,地铁7号线,39.862389457703514,116.65149747523469,0,北京市地铁万盛东
168,北京市地铁,地铁7号线,7号线,110100023054,万盛西,0,地铁7号线,39.862267164979656,116.626339225956,0,北京市地铁万盛西
169,北京市地铁,地铁7号线,7号线,110100023054,黑庄户,0,地铁7号线,39.85768866030103,116.59333915796446,0,北京市地铁黑庄户
170,北京市地铁,地铁7号线,7号线,110100023054,郎辛庄,0,地铁7号线,39.85544282112358,116.56403088910174,0,北京市地铁郎辛庄
171,北京市地铁,地铁7号线,7号线,110100023054,黄厂,0,地铁7号线,39.84790109688421,116.54793511811395,0,北京市地铁黄厂
172,北京市地铁,地铁7号线,7号线,110100023054,焦化厂,0,地铁7号线,39.85437379287125,116.53137832072647,0,北京市地铁焦化厂
173,北京市地铁,地铁7号线,7号线,110100023054,双合,0,地铁7号线,39.858549731053756,116.52093341140969,0,北京市地铁双合
174,北京市地铁,地铁7号线,7号线,110100023054,垡头,0,地铁7号线,39.859544122307845,116.5058647869635,0,北京市地铁垡头
175,北京市地铁,地铁7号线,7号线,110100023054,欢乐谷景区,0,地铁7号线,39.865285829524076,116.49406576402225,0,北京市地铁欢乐谷景区
176,北京市地铁,地铁7号线,7号线,110100023054,南楼梓庄,0,地铁7号线,39.87336145355129,116.49508563225508,0,北京市地铁南楼梓庄
177,北京市地铁,地铁7号线,7号线,110100023054,化工,0,地铁7号线,39.88615887017304,116.49744799418785,0,北京市地铁化工
178,北京市地铁,地铁7号线,7号线,110100023054,百子湾,0,地铁7号线,39.89130264733576,116.4917547832623,0,北京市地铁百子湾
179,北京市地铁,地铁7号线,7号线,110100023054,大郊亭,0,地铁7号线,39.891926405893976,116.48188446870442,0,北京市地铁大郊亭
180,北京市地铁,地铁7号线,7号线,110100023054,九龙山,1,"地铁14号线, 地铁7号线",39.891927335151294,116.47279511222067,0,北京市地铁九龙山
181,北京市地铁,地铁7号线,7号线,110100023054,双井,1,"地铁10号线, 地铁7号线",39.89218450271144,116.4556924401,0,北京市地铁双井
182,北京市地铁,地铁7号线,7号线,110100023054,广渠门外,0,地铁7号线,39.89229214579374,116.44281970996923,0,北京市地铁广渠门外
183,北京市地铁,地铁7号线,7号线,110100023054,广渠门内,0,地铁7号线,39.89229149198591,116.42766515952043,0,北京市地铁广渠门内
184,北京市地铁,地铁7号线,7号线,110100023054,磁器口,1,"地铁5号线, 地铁7号线",39.89177537339157,116.4137080038655,0,北京市地铁磁器口
185,北京市地铁,地铁7号线,7号线,110100023054,桥湾,0,地铁7号线,39.89132242939945,116.40222361367059,0,北京市地铁桥湾
186,北京市地铁,地铁7号线,7号线,110100023054,珠市口,1,"地铁8号线, 地铁7号线",39.889931106366724,116.3921304901228,0,北京市地铁珠市口
187,北京市地铁,地铁7号线,7号线,110100023054,虎坊桥,0,地铁7号线,39.88808964991263,116.37836175176658,0,北京市地铁虎坊桥
188,北京市地铁,地铁7号线,7号线,110100023054,菜市口,1,"地铁4号线大兴线, 地铁7号线",39.88790912777704,116.36820187086536,0,北京市地铁菜市口
189,北京市地铁,地铁7号线,7号线,110100023054,广安门内,0,地铁7号线,39.88805300009125,116.35204201198763,0,北京市地铁广安门内
190,北京市地铁,地铁7号线,7号线,110100023054,达官营,1,"地铁16号线, 地铁7号线",39.88857291042324,116.32945896625962,0,北京市地铁达官营
191,北京市地铁,地铁7号线,7号线,110100023054,湾子,0,地铁7号线,39.88864393142258,116.32162195153082,0,北京市地铁湾子
192,北京市地铁,地铁7号线,7号线,110100023054,北京西站,1,"地铁9号线, 地铁7号线",39.8934082122841,116.31510125668203,1,北京市地铁北京西站
193,北京市地铁,地铁8号线,8号线,110100023114,瀛海,0,地铁8号线,39.75936645905066,116.44282044323093,1,北京市地铁瀛海
194,北京市地铁,地铁8号线,8号线,110100023114,德茂,0,地铁8号线,39.771287387782785,116.43528587823864,0,北京市地铁德茂
195,北京市地铁,地铁8号线,8号线,110100023114,五福堂,0,地铁8号线,39.78365979085709,116.41768937984607,0,北京市地铁五福堂
196,北京市地铁,地铁8号线,8号线,110100023114,火箭万源,0,地铁8号线,39.797895161994305,116.41240558716255,0,北京市地铁火箭万源
197,北京市地铁,地铁8号线,8号线,110100023114,东高地,0,地铁8号线,39.80367699034879,116.40319818071613,0,北京市地铁东高地
198,北京市地铁,地铁8号线,8号线,110100023114,和义,0,地铁8号线,39.81343921042422,116.39584104213138,0,北京市地铁和义
199,北京市地铁,地铁8号线,8号线,110100023114,大红门南,0,地铁8号线,39.83531475356632,116.39481023690523,0,北京市地铁大红门南
200,北京市地铁,地铁8号线,8号线,110100023114,海户屯,0,地铁8号线,39.85040389357625,116.39406433576286,0,北京市地铁海户屯
201,北京市地铁,地铁8号线,8号线,110100023114,木樨园,0,地铁8号线,39.857860519093265,116.39360141329692,0,北京市地铁木樨园
202,北京市地铁,地铁8号线,8号线,110100023114,永定门外,1,"地铁14号线, 地铁8号线",39.86603313533784,116.3931304118164,0,北京市地铁永定门外
203,北京市地铁,地铁8号线,8号线,110100023114,天桥,0,地铁8号线,39.88051749744133,116.3924716417333,0,北京市地铁天桥
204,北京市地铁,地铁8号线,8号线,110100023114,珠市口,1,"地铁7号线, 地铁8号线",39.889931106366724,116.3921304901228,0,北京市地铁珠市口
205,北京市地铁,地铁8号线,8号线,110100023114,前门,1,"地铁2号线, 地铁8号线",39.89878878400714,116.39169443132049,0,北京市地铁前门
206,北京市地铁,地铁8号线,8号线,110100023114,王府井,1,"地铁1号线(八通线), 地铁8号线",39.90666677055712,116.40533020731189,0,北京市地铁王府井
207,北京市地铁,地铁8号线,8号线,110100023114,金鱼胡同,0,地铁8号线,39.913984302532455,116.40493604811167,0,北京市地铁金鱼胡同
208,北京市地铁,地铁8号线,8号线,110100023114,中国美术馆,0,地铁8号线,39.92230181435675,116.4045597795354,0,北京市地铁中国美术馆
209,北京市地铁,地铁8号线,8号线,110100023114,南锣鼓巷,1,"地铁6号线, 地铁8号线",39.93244295437595,116.39794512767475,0,北京市地铁南锣鼓巷
210,北京市地铁,地铁8号线,8号线,110100023114,什刹海,0,地铁8号线,39.93617861989364,116.38997203807754,0,北京市地铁什刹海
211,北京市地铁,地铁8号线,8号线,110100023114,鼓楼大街,1,"地铁2号线, 地铁8号线",39.94756796280904,116.38752839042444,0,北京市地铁鼓楼大街
212,北京市地铁,地铁8号线,8号线,110100023114,安德里北街,0,地铁8号线,39.95582216062693,116.38889584495153,0,北京市地铁安德里北街
213,北京市地铁,地铁8号线,8号线,110100023114,安华桥,1,"地铁12号线, 地铁8号线",39.967248044384355,116.38790872856302,0,北京市地铁安华桥
214,北京市地铁,地铁8号线,8号线,110100023114,北土城,1,"地铁10号线, 地铁8号线",39.97554770067785,116.38794165475132,0,北京市地铁北土城
215,北京市地铁,地铁8号线,8号线,110100023114,奥体中心,0,地铁8号线,39.98443150001578,116.38750668541837,0,北京市地铁奥体中心
216,北京市地铁,地铁8号线,8号线,110100023114,奥林匹克公园,1,"地铁15号线, 地铁8号线",40.00080165012995,116.38550448781412,0,北京市地铁奥林匹克公园
217,北京市地铁,地铁8号线,8号线,110100023114,森林公园南门,0,地铁8号线,40.008715929419665,116.38634507159942,0,北京市地铁森林公园南门
218,北京市地铁,地铁8号线,8号线,110100023114,林萃桥,0,地铁8号线,40.02051517425475,116.36675988680211,0,北京市地铁林萃桥
219,北京市地铁,地铁8号线,8号线,110100023114,永泰庄,0,地铁8号线,40.036362541026556,116.34837124490004,0,北京市地铁永泰庄
220,北京市地铁,地铁8号线,8号线,110100023114,西小口,0,地铁8号线,40.04551197720849,116.34544000982298,0,北京市地铁西小口
221,北京市地铁,地铁8号线,8号线,110100023114,育新,0,地铁8号线,40.05868474492118,116.34113139194957,0,北京市地铁育新
222,北京市地铁,地铁8号线,8号线,110100023114,霍营,1,"地铁13号线, 地铁8号线",40.070480555306155,116.35406199925575,0,北京市地铁霍营
223,北京市地铁,地铁8号线,8号线,110100023114,回龙观东大街,0,地铁8号线,40.07979388136684,116.35679491732293,0,北京市地铁回龙观东大街
224,北京市地铁,地铁8号线,8号线,110100023114,平西府,0,地铁8号线,40.089245338880836,116.34421795469251,0,北京市地铁平西府
225,北京市地铁,地铁8号线,8号线,110100023114,育知路,0,地铁8号线,40.08654506523563,116.32083771309478,0,北京市地铁育知路
226,北京市地铁,地铁8号线,8号线,110100023114,朱辛庄,1,"地铁昌平线, 地铁8号线",40.103002974565776,116.30757156527208,1,北京市地铁朱辛庄
227,北京市地铁,地铁9号线,9号线,110100023116,郭公庄,1,"地铁房山线, 地铁9号线",39.813063718278904,116.29582320695053,1,北京市地铁郭公庄
228,北京市地铁,地铁9号线,9号线,110100023116,丰台科技园,0,地铁9号线,39.823981531131516,116.29111756326837,0,北京市地铁丰台科技园
229,北京市地铁,地铁9号线,9号线,110100023116,科怡路,0,地铁9号线,39.83122764406008,116.29137220487735,0,北京市地铁科怡路
230,北京市地铁,地铁9号线,9号线,110100023116,丰台南路,1,"地铁16号线, 地铁9号线",39.839854462148566,116.29049269348828,0,北京市地铁丰台南路
231,北京市地铁,地铁9号线,9号线,110100023116,丰台东大街,0,地铁9号线,39.85386271031147,116.28780058389026,0,北京市地铁丰台东大街
232,北京市地铁,地铁9号线,9号线,110100023116,七里庄,1,"地铁14号线, 地铁9号线",39.86573140816508,116.28823437218706,0,北京市地铁七里庄
233,北京市地铁,地铁9号线,9号线,110100023116,六里桥,1,"地铁10号线, 地铁9号线",39.87897520426157,116.29673221903973,0,北京市地铁六里桥
234,北京市地铁,地铁9号线,9号线,110100023116,六里桥东,0,地铁9号线,39.88560000063527,116.30903977378861,0,北京市地铁六里桥东
235,北京市地铁,地铁9号线,9号线,110100023116,北京西站,1,"地铁7号线, 地铁9号线",39.8934082122841,116.31510125668203,1,北京市地铁北京西站
236,北京市地铁,地铁9号线,9号线,110100023116,军事博物馆,1,"地铁1号线(八通线), 地铁9号线",39.90612318577388,116.31534011520706,0,北京市地铁军事博物馆
237,北京市地铁,地铁9号线,9号线,110100023116,白堆子,0,地铁9号线,39.92251026941711,116.3196312551008,0,北京市地铁白堆子
238,北京市地铁,地铁9号线,9号线,110100023116,白石桥南,1,"地铁6号线, 地铁9号线",39.931714051848715,116.3195482844229,0,北京市地铁白石桥南
239,北京市地铁,地铁9号线,9号线,110100023116,国家图书馆,1,"地铁4号线大兴线, 地铁16号线, 地铁9号线",39.941806587903315,116.31905813505695,1,北京市地铁国家图书馆
240,北京市地铁,地铁10号线,10号线,110100023282,巴沟,1,"西郊线, 地铁10号线",39.973161152348524,116.28728653159045,1,北京市地铁巴沟
241,北京市地铁,地铁10号线,10号线,110100023282,苏州街,1,"地铁16号线, 地铁10号线",39.97436817315421,116.3002372820655,0,北京市地铁苏州街
242,北京市地铁,地铁10号线,10号线,110100023282,海淀黄庄,1,"地铁4号线大兴线, 地铁10号线",39.97470177654512,116.31144523816289,0,北京市地铁海淀黄庄
243,北京市地铁,地铁10号线,10号线,110100023282,知春里,0,地铁10号线,39.975018521707284,116.32256487546097,0,北京市地铁知春里
244,北京市地铁,地铁10号线,10号线,110100023282,知春路,1,"地铁13号线, 地铁10号线",39.97513913544886,116.33379018800018,0,北京市地铁知春路
245,北京市地铁,地铁10号线,10号线,110100023282,西土城,1,"地铁昌平线, 地铁10号线",39.97500971723079,116.34811358104061,0,北京市地铁西土城
246,北京市地铁,地铁10号线,10号线,110100023282,牡丹园,1,"地铁19号线, 地铁10号线",39.97521792842419,116.36361620291518,1,北京市地铁牡丹园
247,北京市地铁,地铁10号线,10号线,110100023282,健德门,0,地铁10号线,39.97532564777234,116.37511065962653,0,北京市地铁健德门
248,北京市地铁,地铁10号线,10号线,110100023282,北土城,1,"地铁8号线, 地铁10号线",39.97554770067785,116.38794165475132,0,北京市地铁北土城
249,北京市地铁,地铁10号线,10号线,110100023282,安贞门,0,地铁10号线,39.9755984361305,116.39970200166867,0,北京市地铁安贞门
250,北京市地铁,地铁10号线,10号线,110100023282,惠新西街南口,1,"地铁5号线, 地铁10号线",39.9757191722024,116.41129190686667,0,北京市地铁惠新西街南口
251,北京市地铁,地铁10号线,10号线,110100023282,芍药居,1,"地铁13号线, 地铁10号线",39.97625394832112,116.42969532102627,0,北京市地铁芍药居
252,北京市地铁,地铁10号线,10号线,110100023282,太阳宫,1,"地铁17号线北段, 地铁10号线",39.972396492410965,116.4421268016042,0,北京市地铁太阳宫
253,北京市地铁,地铁10号线,10号线,110100023282,三元桥,1,"地铁12号线, 首都机场线, 地铁10号线",39.96016635808502,116.45083221847719,0,北京市地铁三元桥
254,北京市地铁,地铁10号线,10号线,110100023282,亮马桥,0,地铁10号线,39.948085056022684,116.45564526099457,0,北京市地铁亮马桥
255,北京市地铁,地铁10号线,10号线,110100023282,农业展览馆,0,地铁10号线,39.940014207673855,116.45557606260265,0,北京市地铁农业展览馆
256,北京市地铁,地铁10号线,10号线,110100023282,团结湖,1,"地铁3号线, 地铁10号线",39.932400841970946,116.45403428061877,0,北京市地铁团结湖
257,北京市地铁,地铁10号线,10号线,110100023282,呼家楼,1,"地铁6号线, 地铁10号线",39.92200768208687,116.45547200646014,0,北京市地铁呼家楼
258,北京市地铁,地铁10号线,10号线,110100023282,金台夕照,0,地铁10号线,39.91550925454198,116.45559821532098,0,北京市地铁金台夕照
259,北京市地铁,地铁10号线,10号线,110100023282,国贸,1,"地铁1号线(八通线), 地铁10号线",39.907775821516466,116.45569749607971,0,北京市地铁国贸
260,北京市地铁,地铁10号线,10号线,110100023282,双井,1,"地铁7号线, 地铁10号线",39.89218450271144,116.4556924401,0,北京市地铁双井
261,北京市地铁,地铁10号线,10号线,110100023282,劲松,0,地铁10号线,39.8830587106386,116.45518300963145,0,北京市地铁劲松
262,北京市地铁,地铁10号线,10号线,110100023282,潘家园,0,地铁10号线,39.874058202831264,116.45478391148188,0,北京市地铁潘家园
263,北京市地铁,地铁10号线,10号线,110100023282,十里河,1,"地铁14号线, 地铁17号线, 地铁10号线",39.86480007076276,116.45195353257472,1,北京市地铁十里河
264,北京市地铁,地铁10号线,10号线,110100023282,分钟寺,0,地铁10号线,39.85088363238416,116.44781636391546,0,北京市地铁分钟寺
265,北京市地铁,地铁10号线,10号线,110100023282,成寿寺,0,地铁10号线,39.84451778728959,116.4413550083642,0,北京市地铁成寿寺
266,北京市地铁,地铁10号线,10号线,110100023282,宋家庄,1,"地铁5号线, 地铁亦庄线, 地铁10号线",39.84446301090066,116.4221529595234,1,北京市地铁宋家庄
267,北京市地铁,地铁10号线,10号线,110100023282,石榴庄,0,地铁10号线,39.84450709301543,116.40787178692065,0,北京市地铁石榴庄
268,北京市地铁,地铁10号线,10号线,110100023282,大红门,0,地铁10号线,39.84398241678415,116.39291823876111,0,北京市地铁大红门
269,北京市地铁,地铁10号线,10号线,110100023282,角门东,0,地铁10号线,39.84374025463422,116.37941951616642,0,北京市地铁角门东
270,北京市地铁,地铁10号线,10号线,110100023282,角门西,1,"地铁4号线大兴线, 地铁10号线",39.84446924399416,116.36494089956584,0,北京市地铁角门西
271,北京市地铁,地铁10号线,10号线,110100023282,草桥,1,"地铁19号线, 北京大兴国际机场线, 地铁10号线",39.844517556329244,116.34520902949602,1,北京市地铁草桥
272,北京市地铁,地铁10号线,10号线,110100023282,纪家庙,0,地铁10号线,39.8431145774105,116.32724276903676,0,北京市地铁纪家庙
273,北京市地铁,地铁10号线,10号线,110100023282,首经贸,1,"地铁房山线, 地铁10号线",39.84316978998261,116.31409384572936,0,北京市地铁首经贸
274,北京市地铁,地铁10号线,10号线,110100023282,丰台站,1,"地铁16号线, 地铁10号线",39.84898395461619,116.29842564104625,0,北京市地铁丰台站
275,北京市地铁,地铁10号线,10号线,110100023282,泥洼,0,地铁10号线,39.85734403465741,116.29809724689484,0,北京市地铁泥洼
276,北京市地铁,地铁10号线,10号线,110100023282,西局,1,"地铁14号线, 地铁10号线",39.865410708700175,116.29802937243944,0,北京市地铁西局
277,北京市地铁,地铁10号线,10号线,110100023282,六里桥,1,"地铁9号线, 地铁10号线",39.87897520426157,116.29673221903973,0,北京市地铁六里桥
278,北京市地铁,地铁10号线,10号线,110100023282,莲花桥,0,地铁10号线,39.896589252515746,116.30425371612108,0,北京市地铁莲花桥
279,北京市地铁,地铁10号线,10号线,110100023282,公主坟,1,"地铁1号线(八通线), 地铁10号线",39.90619159470685,116.30382541537507,0,北京市地铁公主坟
280,北京市地铁,地铁10号线,10号线,110100023282,西钓鱼台,0,地铁10号线,39.92222299675157,116.29199172097034,0,北京市地铁西钓鱼台
281,北京市地铁,地铁10号线,10号线,110100023282,慈寿寺,1,"地铁6号线, 地铁10号线",39.9320136256538,116.28939809589622,0,北京市地铁慈寿寺
282,北京市地铁,地铁10号线,10号线,110100023282,车道沟,0,地铁10号线,39.94667051841494,116.28775007420042,0,北京市地铁车道沟
283,北京市地铁,地铁10号线,10号线,110100023282,长春桥,1,"地铁12号线, 地铁10号线",39.95727345097631,116.28818501260191,0,北京市地铁长春桥
284,北京市地铁,地铁10号线,10号线,110100023282,火器营,0,地铁10号线,39.96469157541146,116.2829954186485,1,北京市地铁火器营
285,北京市地铁,地铁11号线,11号线,900000159716,模式口,0,地铁11号线,39.93203093204189,116.14992366635839,1,北京市地铁模式口
286,北京市地铁,地铁11号线,11号线,900000159716,金安桥,1,"S1线, 地铁6号线, 地铁11号线",39.92197200134316,116.15638073302507,1,北京市地铁金安桥
287,北京市地铁,地铁11号线,11号线,900000159716,北辛安,0,地铁11号线,39.9141343347954,116.15855681191125,0,北京市地铁北辛安
288,北京市地铁,地铁11号线,11号线,900000159716,新首钢,0,地铁11号线,39.90828867810538,116.15860869535234,1,北京市地铁新首钢
289,北京市地铁,地铁12号线,12号线,900000077547,东坝北,1,"地铁3号线, 地铁12号线",39.974555390078464,116.55123296218842,1,北京市地铁东坝北
290,北京市地铁,地铁12号线,12号线,900000077547,东坝西,0,地铁12号线,39.97314411814972,116.52877986677203,0,北京市地铁东坝西
291,北京市地铁,地铁12号线,12号线,900000077547,驼房营,0,地铁12号线,39.97923152905456,116.4996337429727,0,北京市地铁驼房营
292,北京市地铁,地铁12号线,12号线,900000077547,高家园,0,地铁12号线,39.97912347975354,116.48550421151153,0,北京市地铁高家园
293,北京市地铁,地铁12号线,12号线,900000077547,将台西,0,地铁12号线,39.97138033782184,116.47395536626192,0,北京市地铁将台西
294,北京市地铁,地铁12号线,12号线,900000077547,三元桥,1,"地铁10号线, 首都机场线, 地铁12号线",39.96016635808502,116.45083221847719,0,北京市地铁三元桥
295,北京市地铁,地铁12号线,12号线,900000077547,西坝河,1,"地铁17号线北段, 地铁12号线",39.96442634623776,116.43590585360026,0,北京市地铁西坝河
296,北京市地铁,地铁12号线,12号线,900000077547,光熙门,1,"地铁13号线, 地铁12号线",39.96694955934198,116.42553589892022,0,北京市地铁光熙门
297,北京市地铁,地铁12号线,12号线,900000077547,和平西桥,1,"地铁5号线, 地铁12号线",39.966856820553815,116.41172644585002,0,北京市地铁和平西桥
298,北京市地铁,地铁12号线,12号线,900000077547,安贞桥,0,地铁12号线,39.96750598463388,116.40096842261104,0,北京市地铁安贞桥
299,北京市地铁,地铁12号线,12号线,900000077547,安华桥,1,"地铁8号线, 地铁12号线",39.967248044384355,116.38790872856302,0,北京市地铁安华桥
300,北京市地铁,地铁12号线,12号线,900000077547,马甸桥,0,地铁12号线,39.96686325331957,116.37597188696928,0,北京市地铁马甸桥
301,北京市地铁,地铁12号线,12号线,900000077547,北太平庄,1,"地铁19号线, 地铁12号线",39.96649703459885,116.36381002619302,0,北京市地铁北太平庄
302,北京市地铁,地铁12号线,12号线,900000077547,蓟门桥,1,"地铁昌平线, 地铁12号线",39.966382354143676,116.34976741788722,1,北京市地铁蓟门桥
303,北京市地铁,地铁12号线,12号线,900000077547,大钟寺,1,"地铁13号线, 地铁12号线",39.96526601520118,116.33895898441108,0,北京市地铁大钟寺
304,北京市地铁,地铁12号线,12号线,900000077547,人民大学,1,"地铁4号线大兴线, 地铁12号线",39.9656549490517,116.31524083659136,0,北京市地铁人民大学
305,北京市地铁,地铁12号线,12号线,900000077547,苏州桥,1,"地铁16号线, 地铁12号线",39.961038079181925,116.30173488868853,0,北京市地铁苏州桥
306,北京市地铁,地铁12号线,12号线,900000077547,长春桥,1,"地铁10号线, 地铁12号线",39.95727345097631,116.28818501260191,0,北京市地铁长春桥
307,北京市地铁,地铁12号线,12号线,900000077547,蓝靛厂,0,地铁12号线,39.955879123581866,116.27654049923518,0,北京市地铁蓝靛厂
308,北京市地铁,地铁12号线,12号线,900000077547,四季青桥,0,地铁12号线,39.94118545677099,116.26815143914077,1,北京市地铁四季青桥
309,北京市地铁,地铁13号线,13号线,110100033066,西直门,1,"地铁2号线, 地铁4号线大兴线, 地铁13号线",39.93911131447149,116.34922794399,1,北京市地铁西直门
310,北京市地铁,地铁13号线,13号线,110100033066,大钟寺,1,"地铁12号线, 地铁13号线",39.96526601520118,116.33895898441108,0,北京市地铁大钟寺
311,北京市地铁,地铁13号线,13号线,110100033066,知春路,1,"地铁10号线, 地铁13号线",39.97513913544886,116.33379018800018,0,北京市地铁知春路
312,北京市地铁,地铁13号线,13号线,110100033066,五道口,0,地铁13号线,39.99156062095873,116.33157511006638,0,北京市地铁五道口
313,北京市地铁,地铁13号线,13号线,110100033066,上地,0,地铁13号线,40.03170530569177,116.31406116140755,0,北京市地铁上地
314,北京市地铁,地铁13号线,13号线,110100033066,清河站,1,"地铁昌平线, 地铁13号线",40.03987170109093,116.30883977893387,0,北京市地铁清河站
315,北京市地铁,地铁13号线,13号线,110100033066,西二旗,1,"地铁昌平线, 地铁13号线",40.05175665058048,116.30019062976434,0,北京市地铁西二旗
316,北京市地铁,地铁13号线,13号线,110100033066,龙泽,0,地铁13号线,40.06957962911141,116.31329409703577,0,北京市地铁龙泽
317,北京市地铁,地铁13号线,13号线,110100033066,回龙观,0,地铁13号线,40.06946575257702,116.32994292551871,0,北京市地铁回龙观
318,北京市地铁,地铁13号线,13号线,110100033066,霍营,1,"地铁8号线, 地铁13号线",40.070480555306155,116.35406199925575,0,北京市地铁霍营
319,北京市地铁,地铁13号线,13号线,110100033066,立水桥,1,"地铁5号线, 地铁13号线",40.05162377073215,116.4060911442114,0,北京市地铁立水桥
320,北京市地铁,地铁13号线,13号线,110100033066,北苑,0,地铁13号线,40.041609964557544,116.42828831688426,0,北京市地铁北苑
321,北京市地铁,地铁13号线,13号线,110100033066,望京西,1,"地铁15号线, 地铁13号线",39.99436571356916,116.44369507481562,0,北京市地铁望京西
322,北京市地铁,地铁13号线,13号线,110100033066,芍药居,1,"地铁10号线, 地铁13号线",39.97625394832112,116.42969532102627,0,北京市地铁芍药居
323,北京市地铁,地铁13号线,13号线,110100033066,光熙门,1,"地铁12号线, 地铁13号线",39.96694955934198,116.42553589892022,0,北京市地铁光熙门
324,北京市地铁,地铁13号线,13号线,110100033066,柳芳,0,地铁13号线,39.95677123809042,116.42650588508272,0,北京市地铁柳芳
325,北京市地铁,地铁13号线,13号线,110100033066,东直门,1,"地铁2号线, 首都机场线, 地铁13号线",39.94024527095312,116.42962776694787,1,北京市地铁东直门
326,北京市地铁,地铁14号线,14号线,900000028907,善各庄,0,地铁14号线,40.02586976328372,116.47209182530148,1,北京市地铁善各庄
327,北京市地铁,地铁14号线,14号线,900000028907,来广营,0,地铁14号线,40.0191100246673,116.46085797962651,0,北京市地铁来广营
328,北京市地铁,地铁14号线,14号线,900000028907,东湖渠,0,地铁14号线,40.00924754206578,116.46127660110969,0,北京市地铁东湖渠
329,北京市地铁,地铁14号线,14号线,900000028907,望京,1,"地铁15号线, 地铁14号线",39.99720823485957,116.463278782565,0,北京市地铁望京
330,北京市地铁,地铁14号线,14号线,900000028907,阜通,0,地铁14号线,39.99052815500126,116.46542188673315,0,北京市地铁阜通
331,北京市地铁,地铁14号线,14号线,900000028907,望京南,0,地铁14号线,39.98339207354202,116.47579555362935,0,北京市地铁望京南
332,北京市地铁,地铁14号线,14号线,900000028907,将台,0,地铁14号线,39.96977289169434,116.48416131707428,0,北京市地铁将台
333,北京市地铁,地铁14号线,14号线,900000028907,东风北桥,0,地铁14号线,39.95710978896227,116.4798527856106,0,北京市地铁东风北桥
334,北京市地铁,地铁14号线,14号线,900000028907,枣营,0,地铁14号线,39.9428362644836,116.46884271879745,0,北京市地铁枣营
335,北京市地铁,地铁14号线,14号线,900000028907,朝阳公园,1,"地铁3号线, 地铁14号线",39.9322059550819,116.47219994726204,0,北京市地铁朝阳公园
336,北京市地铁,地铁14号线,14号线,900000028907,金台路,1,"地铁6号线, 地铁14号线",39.9222698682341,116.47202456163812,0,北京市地铁金台路
337,北京市地铁,地铁14号线,14号线,900000028907,大望路,1,"地铁1号线(八通线), 地铁14号线",39.906995039414554,116.4696861683752,0,北京市地铁大望路
338,北京市地铁,地铁14号线,14号线,900000028907,九龙山,1,"地铁7号线, 地铁14号线",39.891927335151294,116.47279511222067,0,北京市地铁九龙山
339,北京市地铁,地铁14号线,14号线,900000028907,平乐园,0,地铁14号线,39.8839883124156,116.47121846757786,0,北京市地铁平乐园
340,北京市地铁,地铁14号线,14号线,900000028907,北工大西门,0,地铁14号线,39.87400773729061,116.4711946282365,0,北京市地铁北工大西门
341,北京市地铁,地铁14号线,14号线,900000028907,十里河,1,"地铁10号线, 地铁17号线, 地铁14号线",39.86480007076276,116.45195353257472,1,北京市地铁十里河
342,北京市地铁,地铁14号线,14号线,900000028907,方庄,0,地铁14号线,39.864493564520565,116.43404841380008,0,北京市地铁方庄
343,北京市地铁,地铁14号线,14号线,900000028907,蒲黄榆,1,"地铁5号线, 地铁14号线",39.86419141725885,116.41686213341038,0,北京市地铁蒲黄榆
344,北京市地铁,地铁14号线,14号线,900000028907,景泰,0,地铁14号线,39.863849618192674,116.40479034934404,0,北京市地铁景泰
345,北京市地铁,地铁14号线,14号线,900000028907,永定门外,1,"地铁8号线, 地铁14号线",39.86603313533784,116.3931304118164,0,北京市地铁永定门外
346,北京市地铁,地铁14号线,14号线,900000028907,北京南站,1,"地铁4号线大兴线, 地铁14号线",39.863638667472436,116.37273743259254,0,北京市地铁北京南站
347,北京市地铁,地铁14号线,14号线,900000028907,景风门,1,"地铁19号线, 地铁14号线",39.86125589739572,116.3598256656699,0,北京市地铁景风门
348,北京市地铁,地铁14号线,14号线,900000028907,西铁营,0,地铁14号线,39.859998067050604,116.34976393889481,0,北京市地铁西铁营
349,北京市地铁,地铁14号线,14号线,900000028907,菜户营,0,地铁14号线,39.866290229033325,116.33628240814758,0,北京市地铁菜户营
350,北京市地铁,地铁14号线,14号线,900000028907,丽泽商务区,0,地铁14号线,39.86640229631295,116.32513168178929,0,北京市地铁丽泽商务区
351,北京市地铁,地铁14号线,14号线,900000028907,东管头,0,地铁14号线,39.86627358903926,116.31508370807128,0,北京市地铁东管头
352,北京市地铁,地铁14号线,14号线,900000028907,西局,1,"地铁10号线, 地铁14号线",39.865410708700175,116.29802937243944,0,北京市地铁西局
353,北京市地铁,地铁14号线,14号线,900000028907,七里庄,1,"地铁9号线, 地铁14号线",39.86573140816508,116.28823437218706,0,北京市地铁七里庄
354,北京市地铁,地铁14号线,14号线,900000028907,大井,0,地铁14号线,39.86399917857448,116.27002727775941,0,北京市地铁大井
355,北京市地铁,地铁14号线,14号线,900000028907,郭庄子,0,地铁14号线,39.86362713554319,116.24704448715781,0,北京市地铁郭庄子
356,北京市地铁,地铁14号线,14号线,900000028907,大瓦窑,0,地铁14号线,39.85825517918676,116.23445161024866,0,北京市地铁大瓦窑
357,北京市地铁,地铁14号线,14号线,900000028907,园博园,0,地铁14号线,39.8600746446744,116.19555118285663,0,北京市地铁园博园
358,北京市地铁,地铁14号线,14号线,900000028907,张郭庄,0,地铁14号线,39.856822633686804,116.18106479547873,1,北京市地铁张郭庄
359,北京市地铁,地铁15号线,15号线,110100023070,俸伯,0,地铁15号线,40.13140520799049,116.67874015584985,1,北京市地铁俸伯
360,北京市地铁,地铁15号线,15号线,110100023070,顺义,0,地铁15号线,40.12887893891736,116.65110963971745,0,北京市地铁顺义
361,北京市地铁,地铁15号线,15号线,110100023070,石门,0,地铁15号线,40.12871412575173,116.63524417359955,0,北京市地铁石门
362,北京市地铁,地铁15号线,15号线,110100023070,南法信,0,地铁15号线,40.12742429335687,116.60371571769667,0,北京市地铁南法信
363,北京市地铁,地铁15号线,15号线,110100023070,后沙峪,0,地铁15号线,40.11305310170009,116.55837575139007,0,北京市地铁后沙峪
364,北京市地铁,地铁15号线,15号线,110100023070,花梨坎,0,地铁15号线,40.08335374450072,116.5517487711667,0,北京市地铁花梨坎
365,北京市地铁,地铁15号线,15号线,110100023070,国展,0,地铁15号线,40.06894428796309,116.54927923531045,0,北京市地铁国展
366,北京市地铁,地铁15号线,15号线,110100023070,孙河,0,地铁15号线,40.04398396740655,116.52880024640415,0,北京市地铁孙河
367,北京市地铁,地铁15号线,15号线,110100023070,马泉营,0,地铁15号线,40.032504735469885,116.49747096244634,0,北京市地铁马泉营
368,北京市地铁,地铁15号线,15号线,110100023070,崔各庄,0,地铁15号线,40.020953867317345,116.48692034942772,0,北京市地铁崔各庄
369,北京市地铁,地铁15号线,15号线,110100023070,望京东,0,地铁15号线,40.0019364171584,116.48103759971296,0,北京市地铁望京东
370,北京市地铁,地铁15号线,15号线,110100023070,望京,1,"地铁14号线, 地铁15号线",39.99720823485957,116.463278782565,0,北京市地铁望京
371,北京市地铁,地铁15号线,15号线,110100023070,望京西,1,"地铁13号线, 地铁15号线",39.99436571356916,116.44369507481562,0,北京市地铁望京西
372,北京市地铁,地铁15号线,15号线,110100023070,关庄,0,地铁15号线,39.99974416858079,116.42471633141322,0,北京市地铁关庄
373,北京市地铁,地铁15号线,15号线,110100023070,大屯路东,1,"地铁5号线, 地铁15号线",40.00243795200817,116.4111283423617,0,北京市地铁大屯路东
374,北京市地铁,地铁15号线,15号线,110100023070,安立路,0,地铁15号线,40.00121173411933,116.4015903347542,0,北京市地铁安立路
375,北京市地铁,地铁15号线,15号线,110100023070,奥林匹克公园,1,"地铁8号线, 地铁15号线",40.00080165012995,116.38550448781412,0,北京市地铁奥林匹克公园
376,北京市地铁,地铁15号线,15号线,110100023070,北沙滩,0,地铁15号线,40.00010807543932,116.36191463175562,0,北京市地铁北沙滩
377,北京市地铁,地铁15号线,15号线,110100023070,六道口,1,"地铁昌平线, 地铁15号线",39.99868334627761,116.3465497130166,0,北京市地铁六道口
378,北京市地铁,地铁15号线,15号线,110100023070,清华东路西口,0,地铁15号线,39.999335937003636,116.33335808873693,1,北京市地铁清华东路西口
379,北京市地铁,地铁16号线,16号线,900000062236,北安河,0,地铁16号线,40.06674429261263,116.12412411155152,1,北京市地铁北安河
380,北京市地铁,地铁16号线,16号线,900000062236,温阳路,0,地铁16号线,40.06718118732085,116.15513384426846,0,北京市地铁温阳路
381,北京市地铁,地铁16号线,16号线,900000062236,稻香湖路,0,地铁16号线,40.06765064478916,116.18199280233311,0,北京市地铁稻香湖路
382,北京市地铁,地铁16号线,16号线,900000062236,屯佃,0,地铁16号线,40.06721059065479,116.20976257458543,0,北京市地铁屯佃
383,北京市地铁,地铁16号线,16号线,900000062236,永丰,0,地铁16号线,40.0706426322727,116.23242453360128,0,北京市地铁永丰
384,北京市地铁,地铁16号线,16号线,900000062236,永丰南,0,地铁16号线,40.064352242027084,116.24210427497277,0,北京市地铁永丰南
385,北京市地铁,地铁16号线,16号线,900000062236,西北旺,0,地铁16号线,40.047479868402355,116.25187660489084,0,北京市地铁西北旺
386,北京市地铁,地铁16号线,16号线,900000062236,马连洼,0,地铁16号线,40.031406104584796,116.26646862563511,0,北京市地铁马连洼
387,北京市地铁,地铁16号线,16号线,900000062236,农大南路,0,地铁16号线,40.02015780267894,116.27621187114161,0,北京市地铁农大南路
388,北京市地铁,地铁16号线,16号线,900000062236,西苑,1,"地铁4号线大兴线, 地铁16号线",39.99700769856149,116.2848385175282,0,北京市地铁西苑
389,北京市地铁,地铁16号线,16号线,900000062236,万泉河桥,0,地铁16号线,39.98380318489749,116.29407316013501,0,北京市地铁万泉河桥
390,北京市地铁,地铁16号线,16号线,900000062236,苏州街,1,"地铁10号线, 地铁16号线",39.97436817315421,116.3002372820655,0,北京市地铁苏州街
391,北京市地铁,地铁16号线,16号线,900000062236,苏州桥,1,"地铁12号线, 地铁16号线",39.961038079181925,116.30173488868853,0,北京市地铁苏州桥
392,北京市地铁,地铁16号线,16号线,900000062236,万寿寺,0,地铁16号线,39.946493968524656,116.30380539587887,0,北京市地铁万寿寺
393,北京市地铁,地铁16号线,16号线,900000062236,国家图书馆,1,"地铁4号线大兴线, 地铁9号线, 地铁16号线",39.941806587903315,116.31905813505695,1,北京市地铁国家图书馆
394,北京市地铁,地铁16号线,16号线,900000062236,二里沟,1,"地铁6号线, 地铁16号线",39.931086703697304,116.32755096036081,0,北京市地铁二里沟
395,北京市地铁,地铁16号线,16号线,900000062236,甘家口,0,地铁16号线,39.922067484150276,116.32838319347306,0,北京市地铁甘家口
396,北京市地铁,地铁16号线,16号线,900000062236,玉渊潭东门,0,地铁16号线,39.912717852440004,116.32839634516432,0,北京市地铁玉渊潭东门
397,北京市地铁,地铁16号线,16号线,900000062236,木樨地,1,"地铁1号线(八通线), 地铁16号线",39.90604938527762,116.33142727819772,0,北京市地铁木樨地
398,北京市地铁,地铁16号线,16号线,900000062236,达官营,1,"地铁7号线, 地铁16号线",39.88857291042324,116.32945896625962,0,北京市地铁达官营
399,北京市地铁,地铁16号线,16号线,900000062236,红莲南路,0,地铁16号线,39.87620650260433,116.33051811414435,0,北京市地铁红莲南路
400,北京市地铁,地铁16号线,16号线,900000062236,东管头南,1,"地铁房山线, 地铁16号线",39.85433855471856,116.31701681663685,1,北京市地铁东管头南
401,北京市地铁,地铁16号线,16号线,900000062236,丰台站,1,"地铁10号线, 地铁16号线",39.84898395461619,116.29842564104625,0,北京市地铁丰台站
402,北京市地铁,地铁16号线,16号线,900000062236,丰台南路,1,"地铁9号线, 地铁16号线",39.839854462148566,116.29049269348828,0,北京市地铁丰台南路
403,北京市地铁,地铁16号线,16号线,900000062236,富丰桥,0,地铁16号线,39.83499038586631,116.28097957381239,0,北京市地铁富丰桥
404,北京市地铁,地铁16号线,16号线,900000062236,看丹,0,地铁16号线,39.83368818174155,116.26649223804691,0,北京市地铁看丹
405,北京市地铁,地铁16号线,16号线,900000062236,榆树庄,0,地铁16号线,39.837528180933866,116.25294357323625,0,北京市地铁榆树庄
406,北京市地铁,地铁16号线,16号线,900000062236,洪泰庄,0,地铁16号线,39.84732531097091,116.24329869213898,0,北京市地铁洪泰庄
407,北京市地铁,地铁16号线,16号线,900000062236,宛平城,0,地铁16号线,39.8478359304198,116.22353275845482,1,北京市地铁宛平城
408,北京市地铁,地铁17号线,17号线,900000099933,十里河,1,"地铁10号线, 地铁14号线, 地铁17号线",39.86480007076276,116.45195353257472,1,北京市地铁十里河
409,北京市地铁,地铁17号线,17号线,900000099933,周家庄,0,地铁17号线,39.855418179193165,116.47027267833117,0,北京市地铁周家庄
410,北京市地铁,地铁17号线,17号线,900000099933,十八里店,0,地铁17号线,39.84306946854113,116.48983246090779,0,北京市地铁十八里店
411,北京市地铁,地铁17号线,17号线,900000099933,北神树,0,地铁17号线,39.81758616285892,116.54692947798829,0,北京市地铁北神树
412,北京市地铁,地铁17号线,17号线,900000099933,次渠北,0,地铁17号线,39.808347328371276,116.57088878507695,0,北京市地铁次渠北
413,北京市地铁,地铁17号线,17号线,900000099933,次渠,1,"地铁亦庄线, 地铁17号线",39.80251665050204,116.58579070512673,0,北京市地铁次渠
414,北京市地铁,地铁17号线,17号线,900000099933,嘉会湖,0,地铁17号线,39.791503785050594,116.60449882064508,1,北京市地铁嘉会湖
415,北京市地铁,地铁17号线北段,17号线北段,900000073193,未来科学城北,0,地铁17号线北段,40.12897001432844,116.46290991231643,1,北京市地铁未来科学城北
416,北京市地铁,地铁17号线北段,17号线北段,900000073193,未来科学城,0,地铁17号线北段,40.114301594188326,116.46068438016442,0,北京市地铁未来科学城
417,北京市地铁,地铁17号线北段,17号线北段,900000073193,天通苑东,0,地铁17号线北段,40.06749681243607,116.43611922591273,0,北京市地铁天通苑东
418,北京市地铁,地铁17号线北段,17号线北段,900000073193,清河营,0,地铁17号线北段,40.049408470741334,116.43588700558426,0,北京市地铁清河营
419,北京市地铁,地铁17号线北段,17号线北段,900000073193,红军营,0,地铁17号线北段,40.03234684726102,116.43558349580859,0,北京市地铁红军营
420,北京市地铁,地铁17号线北段,17号线北段,900000073193,太阳宫,1,"地铁10号线, 地铁17号线北段",39.972396492410965,116.4421268016042,0,北京市地铁太阳宫
421,北京市地铁,地铁17号线北段,17号线北段,900000073193,西坝河,1,"地铁12号线, 地铁17号线北段",39.96442634623776,116.43590585360026,0,北京市地铁西坝河
422,北京市地铁,地铁17号线北段,17号线北段,900000073193,左家庄,0,地铁17号线北段,39.948598032372786,116.4365192534079,0,北京市地铁左家庄
423,北京市地铁,地铁17号线北段,17号线北段,900000073193,工人体育场,1,"地铁3号线, 地铁17号线北段",39.93270333714294,116.44426839053907,1,北京市地铁工人体育场
424,北京市地铁,地铁19号线,19号线,900000079004,新宫,1,"地铁4号线大兴线, 地铁19号线",39.81122076104181,116.35934879657242,1,北京市地铁新宫
425,北京市地铁,地铁19号线,19号线,900000079004,新发地,0,地铁19号线,39.82211385435809,116.34016849012983,0,北京市地铁新发地
426,北京市地铁,地铁19号线,19号线,900000079004,草桥,1,"地铁10号线, 北京大兴国际机场线, 地铁19号线",39.844517556329244,116.34520902949602,1,北京市地铁草桥
427,北京市地铁,地铁19号线,19号线,900000079004,景风门,1,"地铁14号线, 地铁19号线",39.86125589739572,116.3598256656699,0,北京市地铁景风门
428,北京市地铁,地铁19号线,19号线,900000079004,牛街,0,地铁19号线,39.88823211032873,116.35727452977477,0,北京市地铁牛街
429,北京市地铁,地铁19号线,19号线,900000079004,太平桥,0,地铁19号线,39.908381543141715,116.35703638008468,0,北京市地铁太平桥
430,北京市地铁,地铁19号线,19号线,900000079004,平安里,1,"地铁4号线大兴线, 地铁6号线, 地铁19号线",39.932561950195655,116.36665626576213,0,北京市地铁平安里
431,北京市地铁,地铁19号线,19号线,900000079004,积水潭,1,"地铁2号线, 地铁19号线",39.94726508402908,116.3668970593392,1,北京市地铁积水潭
432,北京市地铁,地铁19号线,19号线,900000079004,北太平庄,1,"地铁12号线, 地铁19号线",39.96649703459885,116.36381002619302,0,北京市地铁北太平庄
433,北京市地铁,地铁19号线,19号线,900000079004,牡丹园,1,"地铁10号线, 地铁19号线",39.97521792842419,116.36361620291518,1,北京市地铁牡丹园
434,北京市地铁,地铁昌平线,昌平线,110100023118,昌平西山口,0,地铁昌平线,40.243330994836796,116.18921544884131,1,北京市地铁昌平西山口
435,北京市地铁,地铁昌平线,昌平线,110100023118,十三陵景区,0,地铁昌平线,40.23898179345613,116.20160335999411,0,北京市地铁十三陵景区
436,北京市地铁,地铁昌平线,昌平线,110100023118,昌平,0,地铁昌平线,40.21930640692907,116.22751007231831,0,北京市地铁昌平
437,北京市地铁,地铁昌平线,昌平线,110100023118,昌平东关,0,地铁昌平线,40.22048388003669,116.25598996641783,0,北京市地铁昌平东关
438,北京市地铁,地铁昌平线,昌平线,110100023118,北邵洼,0,地铁昌平线,40.22074240984686,116.27586406478565,0,北京市地铁北邵洼
439,北京市地铁,地铁昌平线,昌平线,110100023118,南邵,0,地铁昌平线,40.20622875600407,116.28144334428403,0,北京市地铁南邵
440,北京市地铁,地铁昌平线,昌平线,110100023118,沙河高教园,0,地铁昌平线,40.16341701016919,116.27438908585073,0,北京市地铁沙河高教园
441,北京市地铁,地铁昌平线,昌平线,110100023118,沙河,0,地铁昌平线,40.147020447866716,116.28277983507726,0,北京市地铁沙河
442,北京市地铁,地铁昌平线,昌平线,110100023118,巩华城,0,地铁昌平线,40.12963690068191,116.28788784417345,0,北京市地铁巩华城
443,北京市地铁,地铁昌平线,昌平线,110100023118,朱辛庄,1,"地铁8号线, 地铁昌平线",40.103002974565776,116.30757156527208,1,北京市地铁朱辛庄
444,北京市地铁,地铁昌平线,昌平线,110100023118,生命科学园,0,地铁昌平线,40.09352953354276,116.28814296560776,0,北京市地铁生命科学园
445,北京市地铁,地铁昌平线,昌平线,110100023118,西二旗,1,"地铁13号线, 地铁昌平线",40.05175665058048,116.30019062976434,0,北京市地铁西二旗
446,北京市地铁,地铁昌平线,昌平线,110100023118,清河站,1,"地铁13号线, 地铁昌平线",40.03987170109093,116.30883977893387,0,北京市地铁清河站
447,北京市地铁,地铁昌平线,昌平线,110100023118,朱房北,0,地铁昌平线,40.03463011719285,116.32555243579539,0,北京市地铁朱房北
448,北京市地铁,地铁昌平线,昌平线,110100023118,清河小营桥,0,地铁昌平线,40.03337658307407,116.33755340264541,0,北京市地铁清河小营桥
449,北京市地铁,地铁昌平线,昌平线,110100023118,学知园,0,地铁昌平线,40.01365062171581,116.34599393812474,0,北京市地铁学知园
450,北京市地铁,地铁昌平线,昌平线,110100023118,六道口,1,"地铁15号线, 地铁昌平线",39.99868334627761,116.3465497130166,0,北京市地铁六道口
451,北京市地铁,地铁昌平线,昌平线,110100023118,学院桥,0,地铁昌平线,39.98684469071565,116.34723782897217,0,北京市地铁学院桥
452,北京市地铁,地铁昌平线,昌平线,110100023118,西土城,1,"地铁10号线, 地铁昌平线",39.97500971723079,116.34811358104061,0,北京市地铁西土城
453,北京市地铁,地铁昌平线,昌平线,110100023118,蓟门桥,1,"地铁12号线, 地铁昌平线",39.966382354143676,116.34976741788722,1,北京市地铁蓟门桥
454,北京市地铁,北京大兴国际机场线,大兴国际机场线,900000076659,草桥,1,"地铁10号线, 地铁19号线, 北京大兴国际机场线",39.844517556329244,116.34520902949602,1,北京市地铁草桥
455,北京市地铁,北京大兴国际机场线,大兴国际机场线,900000076659,大兴新城,0,北京大兴国际机场线,39.734219179559744,116.35933156422001,0,北京市地铁大兴新城
456,北京市地铁,北京大兴国际机场线,大兴国际机场线,900000076659,大兴机场,0,北京大兴国际机场线,39.51003599364739,116.41053809616693,1,北京市地铁大兴机场
457,北京市地铁,地铁房山线,房山线,110100023092,阎村东,1,"地铁燕房线, 地铁房山线",39.72764452945083,116.09451664765822,1,北京市地铁阎村东
458,北京市地铁,地铁房山线,房山线,110100023092,苏庄,0,地铁房山线,39.72181992151769,116.11903637154899,0,北京市地铁苏庄
459,北京市地铁,地铁房山线,房山线,110100023092,良乡南关,0,地铁房山线,39.72185390581775,116.13456696441713,0,北京市地铁良乡南关
460,北京市地铁,地铁房山线,房山线,110100023092,良乡大学城西,0,地铁房山线,39.72183450884604,116.15008461030945,0,北京市地铁良乡大学城西
461,北京市地铁,地铁房山线,房山线,110100023092,良乡大学城,0,地铁房山线,39.721873972112704,116.17040027663553,0,北京市地铁良乡大学城
462,北京市地铁,地铁房山线,房山线,110100023092,良乡大学城北,0,地铁房山线,39.728632938834856,116.17735772872881,0,北京市地铁良乡大学城北
463,北京市地铁,地铁房山线,房山线,110100023092,广阳城,0,地铁房山线,39.746657554354634,116.17886459499604,0,北京市地铁广阳城
464,北京市地铁,地铁房山线,房山线,110100023092,篱笆房,0,地铁房山线,39.75937021474058,116.18337611896155,0,北京市地铁篱笆房
465,北京市地铁,地铁房山线,房山线,110100023092,长阳,0,地铁房山线,39.76264058898523,116.20663647234949,0,北京市地铁长阳
466,北京市地铁,地铁房山线,房山线,110100023092,稻田,0,地铁房山线,39.793658968841136,116.21279215139236,0,北京市地铁稻田
467,北京市地铁,地铁房山线,房山线,110100023092,大葆台,0,地铁房山线,39.806568017174534,116.28563402976751,0,北京市地铁大葆台
468,北京市地铁,地铁房山线,房山线,110100023092,郭公庄,1,"地铁9号线, 地铁房山线",39.813063718278904,116.29582320695053,1,北京市地铁郭公庄
469,北京市地铁,地铁房山线,房山线,110100023092,白盆窑,0,地铁房山线,39.81831115419467,116.30730099892536,0,北京市地铁白盆窑
470,北京市地铁,地铁房山线,房山线,110100023092,花乡东桥,0,地铁房山线,39.82791902621767,116.31395806490643,0,北京市地铁花乡东桥
471,北京市地铁,地铁房山线,房山线,110100023092,首经贸,1,"地铁10号线, 地铁房山线",39.84316978998261,116.31409384572936,0,北京市地铁首经贸
472,北京市地铁,地铁房山线,房山线,110100023092,东管头南,1,"地铁16号线, 地铁房山线",39.85433855471856,116.31701681663685,1,北京市地铁东管头南
473,北京市地铁,首都机场线,首都机场线,110100023096,3号航站楼,0,首都机场线,40.05160497958861,116.6097663853427,1,北京市地铁3号航站楼
474,北京市地铁,首都机场线,首都机场线,110100023096,2号航站楼,0,首都机场线,40.0782638464891,116.58700235912934,0,北京市地铁2号航站楼
475,北京市地铁,首都机场线,首都机场线,110100023096,三元桥,1,"地铁10号线, 地铁12号线, 首都机场线",39.96016635808502,116.45083221847719,0,北京市地铁三元桥
476,北京市地铁,首都机场线,首都机场线,110100023096,东直门,1,"地铁2号线, 地铁13号线, 首都机场线",39.94024527095312,116.42962776694787,1,北京市地铁东直门
477,北京市地铁,首都机场线,首都机场线,110100023096,北新桥,1,"地铁5号线, 首都机场线",39.93938118523576,116.41064295477918,1,北京市地铁北新桥
478,北京市地铁,西郊线,西郊线,110100023060,巴沟,1,"地铁10号线, 西郊线",39.973161152348524,116.28728653159045,1,北京市地铁巴沟
479,北京市地铁,西郊线,西郊线,110100023060,颐和园西门,0,西郊线,39.98447456372832,116.25720811949162,0,北京市地铁颐和园西门
480,北京市地铁,西郊线,西郊线,110100023060,茶棚,0,西郊线,39.98089429504929,116.24206067534949,0,北京市地铁茶棚
481,北京市地铁,西郊线,西郊线,110100023060,万安,0,西郊线,39.982776559927146,116.22592491521215,0,北京市地铁万安
482,北京市地铁,西郊线,西郊线,110100023060,国家植物园,0,西郊线,39.992297199646316,116.20964372847239,0,北京市地铁国家植物园
483,北京市地铁,西郊线,西郊线,110100023060,香山,0,西郊线,39.992801202910464,116.19838918500652,1,北京市地铁香山
484,北京市地铁,地铁燕房线,燕房线,900000029622,阎村东,1,"地铁房山线, 地铁燕房线",39.72764452945083,116.09451664765822,1,北京市地铁阎村东
485,北京市地铁,地铁燕房线,燕房线,900000029622,紫草坞,0,地铁燕房线,39.723226025503536,116.0804174863494,0,北京市地铁紫草坞
486,北京市地铁,地铁燕房线,燕房线,900000029622,阎村,0,地铁燕房线,39.71535644839612,116.07386610230303,0,北京市地铁阎村
487,北京市地铁,地铁燕房线,燕房线,900000029622,星城,0,地铁燕房线,39.71233000654191,116.05509248434895,0,北京市地铁星城
488,北京市地铁,地铁燕房线,燕房线,900000029622,大石河东,0,地铁燕房线,39.70858626999266,116.0336751198469,0,北京市地铁大石河东
489,北京市地铁,地铁燕房线,燕房线,900000029622,马各庄,0,地铁燕房线,39.70385982456372,116.01044552983504,0,北京市地铁马各庄
490,北京市地铁,地铁燕房线,燕房线,900000029622,饶乐府,0,地铁燕房线,39.70025967756585,115.99997825354001,0,北京市地铁饶乐府
491,北京市地铁,地铁燕房线,燕房线,900000029622,房山城关,0,地铁燕房线,39.704899017920305,115.98353002735,0,北京市地铁房山城关
492,北京市地铁,地铁燕房线,燕房线,900000029622,燕山,0,地铁燕房线,39.718498017997476,115.96737671959671,1,北京市地铁燕山
493,北京市地铁,地铁亦庄线,亦庄线,110100023102,宋家庄,1,"地铁5号线, 地铁10号线, 地铁亦庄线",39.84446301090066,116.4221529595234,1,北京市地铁宋家庄
494,北京市地铁,地铁亦庄线,亦庄线,110100023102,肖村,0,地铁亦庄线,39.832863143240566,116.44219159265005,0,北京市地铁肖村
495,北京市地铁,地铁亦庄线,亦庄线,110100023102,小红门,0,地铁亦庄线,39.82662097296612,116.45308470205777,0,北京市地铁小红门
496,北京市地铁,地铁亦庄线,亦庄线,110100023102,旧宫,0,地铁亦庄线,39.80558518405598,116.45465510367868,0,北京市地铁旧宫
497,北京市地铁,地铁亦庄线,亦庄线,110100023102,亦庄桥,0,地铁亦庄线,39.80173784818972,116.47423954411953,0,北京市地铁亦庄桥
498,北京市地铁,地铁亦庄线,亦庄线,110100023102,亦庄文化园,0,地铁亦庄线,39.80564653136413,116.48460234705337,0,北京市地铁亦庄文化园
499,北京市地铁,地铁亦庄线,亦庄线,110100023102,万源街,0,地铁亦庄线,39.8017719487747,116.49942986045284,0,北京市地铁万源街
500,北京市地铁,地铁亦庄线,亦庄线,110100023102,荣京东街,0,地铁亦庄线,39.79201416353324,116.5073786434704,0,北京市地铁荣京东街
501,北京市地铁,地铁亦庄线,亦庄线,110100023102,荣昌东街,0,地铁亦庄线,39.78168205313256,116.51577707143049,0,北京市地铁荣昌东街
502,北京市地铁,地铁亦庄线,亦庄线,110100023102,同济南路,0,地铁亦庄线,39.77186034408497,116.53405024211699,0,北京市地铁同济南路
503,北京市地铁,地铁亦庄线,亦庄线,110100023102,经海路,0,地铁亦庄线,39.78261462864118,116.55652259385514,0,北京市地铁经海路
504,北京市地铁,地铁亦庄线,亦庄线,110100023102,次渠南,0,地铁亦庄线,39.794080335888495,116.57558152380295,0,北京市地铁次渠南
505,北京市地铁,地铁亦庄线,亦庄线,110100023102,次渠,1,"地铁17号线, 地铁亦庄线",39.80251665050204,116.58579070512673,0,北京市地铁次渠
506,北京市地铁,地铁亦庄线,亦庄线,110100023102,亦庄火车站,0,地铁亦庄线,39.81157328047893,116.59613755068251,1,北京市地铁亦庄火车站
0,深圳市地铁,地铁1号线(罗宝线),1号线/罗宝线,440300024063,罗湖,0,地铁1号线(罗宝线),22.534773743036723,114.11356724559275,1,深圳市地铁罗湖
1,深圳市地铁,地铁1号线(罗宝线),1号线/罗宝线,440300024063,国贸,0,地铁1号线(罗宝线),22.54237050147604,114.11381014452411,0,深圳市地铁国贸
2,深圳市地铁,地铁1号线(罗宝线),1号线/罗宝线,440300024063,老街,1,"地铁3号线(龙岗线), 地铁1号线(罗宝线)",22.546920598243506,114.11183673025953,0,深圳市地铁老街
3,深圳市地铁,地铁1号线(罗宝线),1号线/罗宝线,440300024063,大剧院,1,"地铁2号线(8号线), 地铁1号线(罗宝线)",22.5444833134091,114.10269652807666,0,深圳市地铁大剧院
4,深圳市地铁,地铁1号线(罗宝线),1号线/罗宝线,440300024063,科学馆,1,"地铁6号线(光明线), 地铁1号线(罗宝线)",22.54329955667086,114.09004758727023,1,深圳市地铁科学馆
5,深圳市地铁,地铁1号线(罗宝线),1号线/罗宝线,440300024063,华强路,0,地铁1号线(罗宝线),22.543144129686613,114.08000420947756,0,深圳市地铁华强路
6,深圳市地铁,地铁1号线(罗宝线),1号线/罗宝线,440300024063,岗厦,1,"地铁10号线(坂田线), 地铁1号线(罗宝线)",22.53755574898154,114.06306684031424,0,深圳市地铁岗厦
7,深圳市地铁,地铁1号线(罗宝线),1号线/罗宝线,440300024063,会展中心,1,"地铁4号线(龙华线), 地铁1号线(罗宝线)",22.53748127714916,114.05598402504354,0,深圳市地铁会展中心
8,深圳市地铁,地铁1号线(罗宝线),1号线/罗宝线,440300024063,购物公园,1,"地铁3号线(龙岗线), 地铁1号线(罗宝线)",22.537378775590653,114.04947165869916,0,深圳市地铁购物公园
9,深圳市地铁,地铁1号线(罗宝线),1号线/罗宝线,440300024063,香蜜湖,0,地铁1号线(罗宝线),22.541645187805603,114.0335530702799,0,深圳市地铁香蜜湖
10,深圳市地铁,地铁1号线(罗宝线),1号线/罗宝线,440300024063,车公庙,1,"地铁7号线, 地铁9号线, 地铁11号线, 地铁1号线(罗宝线)",22.53903873383177,114.02077281755152,0,深圳市地铁车公庙
11,深圳市地铁,地铁1号线(罗宝线),1号线/罗宝线,440300024063,竹子林,0,地铁1号线(罗宝线),22.536183033295067,114.00888803198798,0,深圳市地铁竹子林
12,深圳市地铁,地铁1号线(罗宝线),1号线/罗宝线,440300024063,侨城东,0,地铁1号线(罗宝线),22.535284076110806,113.99166542880175,0,深圳市地铁侨城东
13,深圳市地铁,地铁1号线(罗宝线),1号线/罗宝线,440300024063,华侨城,0,地铁1号线(罗宝线),22.53640080709205,113.98041149159182,0,深圳市地铁华侨城
14,深圳市地铁,地铁1号线(罗宝线),1号线/罗宝线,440300024063,世界之窗,1,"地铁2号线(8号线), 地铁1号线(罗宝线)",22.539843511750796,113.96928448351409,0,深圳市地铁世界之窗
15,深圳市地铁,地铁1号线(罗宝线),1号线/罗宝线,440300024063,白石洲,0,地铁1号线(罗宝线),22.542566553624738,113.96213177448287,0,深圳市地铁白石洲
16,深圳市地铁,地铁1号线(罗宝线),1号线/罗宝线,440300024063,高新园,0,地铁1号线(罗宝线),22.543230250617917,113.94895031991362,0,深圳市地铁高新园
17,深圳市地铁,地铁1号线(罗宝线),1号线/罗宝线,440300024063,深大,1,"地铁13号线(石岩线), 地铁1号线(罗宝线)",22.54168090691186,113.93929548643088,0,深圳市地铁深大
18,深圳市地铁,地铁1号线(罗宝线),1号线/罗宝线,440300024063,桃园,1,"地铁12号线(南宝线), 地铁1号线(罗宝线)",22.534548312096632,113.91992015093783,0,深圳市地铁桃园
19,深圳市地铁,地铁1号线(罗宝线),1号线/罗宝线,440300024063,大新,0,地铁1号线(罗宝线),22.535282127385802,113.91021264219427,0,深圳市地铁大新
20,深圳市地铁,地铁1号线(罗宝线),1号线/罗宝线,440300024063,鲤鱼门,0,地铁1号线(罗宝线),22.53505898188948,113.89821530370351,0,深圳市地铁鲤鱼门
21,深圳市地铁,地铁1号线(罗宝线),1号线/罗宝线,440300024063,前海湾,1,"地铁5号线(环中线), 地铁11号线, 地铁1号线(罗宝线)",22.540174382304976,113.89306402597849,0,深圳市地铁前海湾
22,深圳市地铁,地铁1号线(罗宝线),1号线/罗宝线,440300024063,新安,0,地铁1号线(罗宝线),22.550519887317403,113.88975318936848,0,深圳市地铁新安
23,深圳市地铁,地铁1号线(罗宝线),1号线/罗宝线,440300024063,宝安中心,1,"地铁5号线(环中线), 地铁1号线(罗宝线)",22.557622893894433,113.8823518740308,0,深圳市地铁宝安中心
24,深圳市地铁,地铁1号线(罗宝线),1号线/罗宝线,440300024063,宝体,0,地铁1号线(罗宝线),22.563783471762797,113.87574964116695,0,深圳市地铁宝体
25,深圳市地铁,地铁1号线(罗宝线),1号线/罗宝线,440300024063,坪洲,0,地铁1号线(罗宝线),22.571939379676593,113.86580117081712,0,深圳市地铁坪洲
26,深圳市地铁,地铁1号线(罗宝线),1号线/罗宝线,440300024063,西乡,0,地铁1号线(罗宝线),22.57816964188429,113.85812167125178,0,深圳市地铁西乡
27,深圳市地铁,地铁1号线(罗宝线),1号线/罗宝线,440300024063,固戍,0,地铁1号线(罗宝线),22.60435422200265,113.84182487296528,0,深圳市地铁固戍
28,深圳市地铁,地铁1号线(罗宝线),1号线/罗宝线,440300024063,后瑞,0,地铁1号线(罗宝线),22.631801135184055,113.83045024958118,0,深圳市地铁后瑞
29,深圳市地铁,地铁1号线(罗宝线),1号线/罗宝线,440300024063,机场东,1,"地铁12号线(南宝线), 地铁1号线(罗宝线)",22.649939515495824,113.81759955284791,1,深圳市地铁机场东
30,深圳市地铁,坪山云巴1号线,坪山云巴1号线,900000191216,比亚迪北,0,坪山云巴1号线,22.68482157641605,114.35615068671787,1,深圳市地铁比亚迪北
31,深圳市地铁,坪山云巴1号线,坪山云巴1号线,900000191216,龙背,0,坪山云巴1号线,22.690004725614,114.35455714500478,0,深圳市地铁龙背
32,深圳市地铁,坪山云巴1号线,坪山云巴1号线,900000191216,自然博物馆西,0,坪山云巴1号线,22.694618563592165,114.35327433616443,0,深圳市地铁自然博物馆西
33,深圳市地铁,坪山云巴1号线,坪山云巴1号线,900000191216,未来城,0,坪山云巴1号线,22.701103994457796,114.34767085651471,0,深圳市地铁未来城
34,深圳市地铁,坪山云巴1号线,坪山云巴1号线,900000191216,燕子岭,0,坪山云巴1号线,22.705536729780356,114.35659286527354,0,深圳市地铁燕子岭
35,深圳市地铁,坪山云巴1号线,坪山云巴1号线,900000191216,综合保税区,0,坪山云巴1号线,22.711981522553554,114.35625482054793,0,深圳市地铁综合保税区
36,深圳市地铁,坪山云巴1号线,坪山云巴1号线,900000191216,中芯国际,0,坪山云巴1号线,22.714220288257252,114.35085898003861,0,深圳市地铁中芯国际
37,深圳市地铁,坪山云巴1号线,坪山云巴1号线,900000191216,坪山中心(云巴1号线),0,坪山云巴1号线,22.713666346390244,114.34668433558707,0,深圳市地铁坪山中心(云巴1号线)
38,深圳市地铁,坪山云巴1号线,坪山云巴1号线,900000191216,文化聚落,0,坪山云巴1号线,22.712873160006854,114.34061468260221,0,深圳市地铁文化聚落
39,深圳市地铁,坪山云巴1号线,坪山云巴1号线,900000191216,站前路东,0,坪山云巴1号线,22.71119879098888,114.33558105847274,0,深圳市地铁站前路东
40,深圳市地铁,坪山云巴1号线,坪山云巴1号线,900000191216,坪山高铁站,0,坪山云巴1号线,22.708217214473546,114.32257286883718,1,深圳市地铁坪山高铁站
41,深圳市地铁,地铁2号线(8号线),2号线/8号线,440300024076,赤湾,1,"地铁5号线(环中线), 地铁2号线(8号线)",22.482281571267666,113.89266031301739,1,深圳市地铁赤湾
42,深圳市地铁,地铁2号线(8号线),2号线/8号线,440300024076,蛇口港,0,地铁2号线(8号线),22.479678511413812,113.90747475988353,0,深圳市地铁蛇口港
43,深圳市地铁,地铁2号线(8号线),2号线/8号线,440300024076,海上世界,1,"地铁12号线(南宝线), 地铁2号线(8号线)",22.48815216437575,113.91025461604019,0,深圳市地铁海上世界
44,深圳市地铁,地铁2号线(8号线),2号线/8号线,440300024076,水湾,0,地铁2号线(8号线),22.491437005926354,113.9148292400304,0,深圳市地铁水湾
45,深圳市地铁,地铁2号线(8号线),2号线/8号线,440300024076,东角头,0,地铁2号线(8号线),22.48936091374572,113.92628756005246,0,深圳市地铁东角头
46,深圳市地铁,地铁2号线(8号线),2号线/8号线,440300024076,湾厦,0,地铁2号线(8号线),22.496378016149116,113.93373572151148,0,深圳市地铁湾厦
47,深圳市地铁,地铁2号线(8号线),2号线/8号线,440300024076,海月,0,地铁2号线(8号线),22.503435392046327,113.93284716940305,0,深圳市地铁海月
48,深圳市地铁,地铁2号线(8号线),2号线/8号线,440300024076,登良,0,地铁2号线(8号线),22.512172419119864,113.93273372894063,0,深圳市地铁登良
49,深圳市地铁,地铁2号线(8号线),2号线/8号线,440300024076,后海,1,"地铁11号线, 地铁13号线(石岩线), 地铁2号线(8号线)",22.521188132503205,113.9386276186471,0,深圳市地铁后海
50,深圳市地铁,地铁2号线(8号线),2号线/8号线,440300024076,科苑,1,"地铁13号线(石岩线), 地铁2号线(8号线)",22.530029739799264,113.94131558737487,0,深圳市地铁科苑
51,深圳市地铁,地铁2号线(8号线),2号线/8号线,440300024076,红树湾,0,地铁2号线(8号线),22.52810172190523,113.96351381031968,0,深圳市地铁红树湾
52,深圳市地铁,地铁2号线(8号线),2号线/8号线,440300024076,世界之窗,1,"地铁1号线(罗宝线), 地铁2号线(8号线)",22.539843511750796,113.96928448351409,0,深圳市地铁世界之窗
53,深圳市地铁,地铁2号线(8号线),2号线/8号线,440300024076,侨城北,0,地铁2号线(8号线),22.54689194587938,113.98418051719597,0,深圳市地铁侨城北
54,深圳市地铁,地铁2号线(8号线),2号线/8号线,440300024076,深康,0,地铁2号线(8号线),22.549326532888248,113.99385397109369,0,深圳市地铁深康
55,深圳市地铁,地铁2号线(8号线),2号线/8号线,440300024076,安托山,1,"地铁7号线, 地铁2号线(8号线)",22.551632979115595,114.00122513240905,0,深圳市地铁安托山
56,深圳市地铁,地铁2号线(8号线),2号线/8号线,440300024076,侨香,0,地铁2号线(8号线),22.55260758586774,114.00934684685554,0,深圳市地铁侨香
57,深圳市地铁,地铁2号线(8号线),2号线/8号线,440300024076,香蜜,0,地铁2号线(8号线),22.555568076636177,114.01879722352348,0,深圳市地铁香蜜
58,深圳市地铁,地铁2号线(8号线),2号线/8号线,440300024076,香梅北,0,地铁2号线(8号线),22.55663201763323,114.02764283036555,0,深圳市地铁香梅北
59,深圳市地铁,地铁2号线(8号线),2号线/8号线,440300024076,景田,1,"地铁9号线, 地铁2号线(8号线)",22.55616501649381,114.03824959099141,0,深圳市地铁景田
60,深圳市地铁,地铁2号线(8号线),2号线/8号线,440300024076,莲花西,0,地铁2号线(8号线),22.54939997752516,114.04493023479881,0,深圳市地铁莲花西
61,深圳市地铁,地铁2号线(8号线),2号线/8号线,440300024076,福田,1,"地铁3号线(龙岗线), 地铁11号线, 地铁2号线(8号线)",22.54281371810132,114.0477715881899,0,深圳市地铁福田
62,深圳市地铁,地铁2号线(8号线),2号线/8号线,440300024076,市民中心,1,"地铁4号线(龙华线), 地铁2号线(8号线)",22.544455697248832,114.05607447741706,0,深圳市地铁市民中心
63,深圳市地铁,地铁2号线(8号线),2号线/8号线,440300024076,岗厦北,1,"地铁10号线(坂田线), 地铁11号线, 地铁14号线(东部快线), 地铁2号线(8号线)",22.54102184479824,114.06284077632802,1,深圳市地铁岗厦北
64,深圳市地铁,地铁2号线(8号线),2号线/8号线,440300024076,华强北,1,"地铁7号线, 地铁2号线(8号线)",22.547125700341837,114.08028397844511,0,深圳市地铁华强北
65,深圳市地铁,地铁2号线(8号线),2号线/8号线,440300024076,燕南,0,地铁2号线(8号线),22.5472227830442,114.08743398449643,0,深圳市地铁燕南
66,深圳市地铁,地铁2号线(8号线),2号线/8号线,440300024076,大剧院,1,"地铁1号线(罗宝线), 地铁2号线(8号线)",22.5444833134091,114.10269652807666,0,深圳市地铁大剧院
67,深圳市地铁,地铁2号线(8号线),2号线/8号线,440300024076,湖贝,0,地铁2号线(8号线),22.54698349093552,114.12034923992134,0,深圳市地铁湖贝
68,深圳市地铁,地铁2号线(8号线),2号线/8号线,440300024076,黄贝岭,1,"地铁5号线(环中线), 地铁2号线(8号线)",22.54880495572443,114.13126641493965,1,深圳市地铁黄贝岭
69,深圳市地铁,地铁2号线(8号线),2号线/8号线,440300024076,新秀,0,地铁2号线(8号线),22.55041716649352,114.14372878456064,0,深圳市地铁新秀
70,深圳市地铁,地铁2号线(8号线),2号线/8号线,440300024076,莲塘口岸,0,地铁2号线(8号线),22.556264580660386,114.1505659045558,0,深圳市地铁莲塘口岸
71,深圳市地铁,地铁2号线(8号线),2号线/8号线,440300024076,仙湖路,0,地铁2号线(8号线),22.566824598618926,114.16141413783899,0,深圳市地铁仙湖路
72,深圳市地铁,地铁2号线(8号线),2号线/8号线,440300024076,莲塘,0,地铁2号线(8号线),22.566892512989856,114.16932156609344,0,深圳市地铁莲塘
73,深圳市地铁,地铁2号线(8号线),2号线/8号线,440300024076,梧桐山南,0,地铁2号线(8号线),22.560641794599892,114.17826197493093,0,深圳市地铁梧桐山南
74,深圳市地铁,地铁2号线(8号线),2号线/8号线,440300024076,沙头角,0,地铁2号线(8号线),22.55708349819672,114.21834043705758,0,深圳市地铁沙头角
75,深圳市地铁,地铁2号线(8号线),2号线/8号线,440300024076,海山,0,地铁2号线(8号线),22.55839876925163,114.23287675464245,0,深圳市地铁海山
76,深圳市地铁,地铁2号线(8号线),2号线/8号线,440300024076,盐田港西,0,地铁2号线(8号线),22.565399753212183,114.24207286444351,0,深圳市地铁盐田港西
77,深圳市地铁,地铁2号线(8号线),2号线/8号线,440300024076,深外高中,0,地铁2号线(8号线),22.586892074837223,114.23972965811092,0,深圳市地铁深外高中
78,深圳市地铁,地铁2号线(8号线),2号线/8号线,440300024076,盐田路,0,地铁2号线(8号线),22.592581082341834,114.25149826325823,0,深圳市地铁盐田路
79,深圳市地铁,地铁2号线(8号线),2号线/8号线,440300024076,鸿安围,0,地铁2号线(8号线),22.593400856325196,114.25940366264355,0,深圳市地铁鸿安围
80,深圳市地铁,地铁2号线(8号线),2号线/8号线,440300024076,盐田墟,0,地铁2号线(8号线),22.59016907887059,114.27154924705304,0,深圳市地铁盐田墟
81,深圳市地铁,地铁2号线(8号线),2号线/8号线,440300024076,大梅沙,0,地铁2号线(8号线),22.59689804190501,114.30297140733734,0,深圳市地铁大梅沙
82,深圳市地铁,地铁2号线(8号线),2号线/8号线,440300024076,小梅沙,0,地铁2号线(8号线),22.604993334380676,114.3216199258191,1,深圳市地铁小梅沙
83,深圳市地铁,地铁3号线(龙岗线),3号线/龙岗线,440300024060,福保,0,地铁3号线(龙岗线),22.510606949218744,114.05047710680043,1,深圳市地铁福保
84,深圳市地铁,地铁3号线(龙岗线),3号线/龙岗线,440300024060,益田,0,地铁3号线(龙岗线),22.519018638245118,114.04588380873768,0,深圳市地铁益田
85,深圳市地铁,地铁3号线(龙岗线),3号线/龙岗线,440300024060,石厦,1,"地铁7号线, 地铁3号线(龙岗线)",22.52643416337282,114.04850865015898,0,深圳市地铁石厦
86,深圳市地铁,地铁3号线(龙岗线),3号线/龙岗线,440300024060,购物公园,1,"地铁1号线(罗宝线), 地铁3号线(龙岗线)",22.537378775590653,114.04947165869916,0,深圳市地铁购物公园
87,深圳市地铁,地铁3号线(龙岗线),3号线/龙岗线,440300024060,福田,1,"地铁11号线, 地铁2号线(8号线), 地铁3号线(龙岗线)",22.54281371810132,114.0477715881899,0,深圳市地铁福田
88,深圳市地铁,地铁3号线(龙岗线),3号线/龙岗线,440300024060,少年宫,1,"地铁4号线(龙华线), 地铁3号线(龙岗线)",22.551339894071393,114.05505310050214,0,深圳市地铁少年宫
89,深圳市地铁,地铁3号线(龙岗线),3号线/龙岗线,440300024060,莲花村,1,"地铁10号线(坂田线), 地铁3号线(龙岗线)",22.551347316655942,114.06270520122125,0,深圳市地铁莲花村
90,深圳市地铁,地铁3号线(龙岗线),3号线/龙岗线,440300024060,华新,1,"地铁7号线, 地铁3号线(龙岗线)",22.55166469834854,114.08152485497993,0,深圳市地铁华新
91,深圳市地铁,地铁3号线(龙岗线),3号线/龙岗线,440300024060,通新岭,1,"地铁6号线(光明线), 地铁3号线(龙岗线)",22.551806839736603,114.09114769676756,0,深圳市地铁通新岭
92,深圳市地铁,地铁3号线(龙岗线),3号线/龙岗线,440300024060,红岭,1,"地铁9号线, 地铁3号线(龙岗线)",22.551061728334243,114.09946559177207,0,深圳市地铁红岭
93,深圳市地铁,地铁3号线(龙岗线),3号线/龙岗线,440300024060,老街,1,"地铁1号线(罗宝线), 地铁3号线(龙岗线)",22.546920598243506,114.11183673025953,0,深圳市地铁老街
94,深圳市地铁,地铁3号线(龙岗线),3号线/龙岗线,440300024060,晒布,0,地铁3号线(龙岗线),22.551931271573384,114.1175708837083,0,深圳市地铁晒布
95,深圳市地铁,地铁3号线(龙岗线),3号线/龙岗线,440300024060,翠竹,0,地铁3号线(龙岗线),22.558888678144328,114.12480310238621,0,深圳市地铁翠竹
96,深圳市地铁,地铁3号线(龙岗线),3号线/龙岗线,440300024060,田贝,1,"地铁7号线, 地铁3号线(龙岗线)",22.56997985684786,114.124971723338,0,深圳市地铁田贝
97,深圳市地铁,地铁3号线(龙岗线),3号线/龙岗线,440300024060,水贝,0,地铁3号线(龙岗线),22.576681344514785,114.119883449242,0,深圳市地铁水贝
98,深圳市地铁,地铁3号线(龙岗线),3号线/龙岗线,440300024060,草埔,0,地铁3号线(龙岗线),22.58713140180145,114.1113944378249,0,深圳市地铁草埔
99,深圳市地铁,地铁3号线(龙岗线),3号线/龙岗线,440300024060,布吉,1,"地铁5号线(环中线), 地铁14号线(东部快线), 地铁3号线(龙岗线)",22.605015955205428,114.11605981386103,0,深圳市地铁布吉
100,深圳市地铁,地铁3号线(龙岗线),3号线/龙岗线,440300024060,木棉湾,0,地铁3号线(龙岗线),22.609692177687723,114.12521062984456,0,深圳市地铁木棉湾
101,深圳市地铁,地铁3号线(龙岗线),3号线/龙岗线,440300024060,大芬,0,地铁3号线(龙岗线),22.616895953280668,114.13329855306293,0,深圳市地铁大芬
102,深圳市地铁,地铁3号线(龙岗线),3号线/龙岗线,440300024060,丹竹头,0,地铁3号线(龙岗线),22.622471270837718,114.14301134212681,0,深圳市地铁丹竹头
103,深圳市地铁,地铁3号线(龙岗线),3号线/龙岗线,440300024060,六约,0,地铁3号线(龙岗线),22.63709861228579,114.17568922978685,0,深圳市地铁六约
104,深圳市地铁,地铁3号线(龙岗线),3号线/龙岗线,440300024060,塘坑,0,地铁3号线(龙岗线),22.641976508948446,114.18779950003194,0,深圳市地铁塘坑
105,深圳市地铁,地铁3号线(龙岗线),3号线/龙岗线,440300024060,横岗,0,地铁3号线(龙岗线),22.651263245813173,114.20410616060221,0,深圳市地铁横岗
106,深圳市地铁,地铁3号线(龙岗线),3号线/龙岗线,440300024060,永湖,0,地铁3号线(龙岗线),22.661825461525027,114.21317164871799,0,深圳市地铁永湖
107,深圳市地铁,地铁3号线(龙岗线),3号线/龙岗线,440300024060,荷坳,0,地铁3号线(龙岗线),22.675912799994705,114.21944973757103,0,深圳市地铁荷坳
108,深圳市地铁,地铁3号线(龙岗线),3号线/龙岗线,440300024060,大运,1,"地铁14号线(东部快线), 地铁16号线(龙坪线), 地铁3号线(龙岗线)",22.688554141590895,114.22330798027073,1,深圳市地铁大运
109,深圳市地铁,地铁3号线(龙岗线),3号线/龙岗线,440300024060,爱联,0,地铁3号线(龙岗线),22.70033050801892,114.2295758457311,0,深圳市地铁爱联
110,深圳市地铁,地铁3号线(龙岗线),3号线/龙岗线,440300024060,吉祥,0,地铁3号线(龙岗线),22.712324256519608,114.23948049512038,0,深圳市地铁吉祥
111,深圳市地铁,地铁3号线(龙岗线),3号线/龙岗线,440300024060,龙城广场,0,地铁3号线(龙岗线),22.719749372767232,114.24976053454098,0,深圳市地铁龙城广场
112,深圳市地铁,地铁3号线(龙岗线),3号线/龙岗线,440300024060,南联,0,地铁3号线(龙岗线),22.72479573665459,114.26070132177104,0,深圳市地铁南联
113,深圳市地铁,地铁3号线(龙岗线),3号线/龙岗线,440300024060,双龙,1,"地铁16号线(龙坪线), 地铁3号线(龙岗线)",22.731623307397797,114.27258877984673,0,深圳市地铁双龙
114,深圳市地铁,地铁3号线(龙岗线),3号线/龙岗线,440300024060,梨园,0,地铁3号线(龙岗线),22.73764394560518,114.27690097571106,0,深圳市地铁梨园
115,深圳市地铁,地铁3号线(龙岗线),3号线/龙岗线,440300024060,新生,0,地铁3号线(龙岗线),22.75079351000762,114.27818629122862,0,深圳市地铁新生
116,深圳市地铁,地铁3号线(龙岗线),3号线/龙岗线,440300024060,坪西,0,地铁3号线(龙岗线),22.766227581878862,114.27740182989207,0,深圳市地铁坪西
117,深圳市地铁,地铁3号线(龙岗线),3号线/龙岗线,440300024060,低碳城,0,地铁3号线(龙岗线),22.773800194476973,114.2845108716975,0,深圳市地铁低碳城
118,深圳市地铁,地铁3号线(龙岗线),3号线/龙岗线,440300024060,白石塘,0,地铁3号线(龙岗线),22.77789230160949,114.29800920884948,0,深圳市地铁白石塘
119,深圳市地铁,地铁3号线(龙岗线),3号线/龙岗线,440300024060,富坪,0,地铁3号线(龙岗线),22.782907685410397,114.30603837031894,0,深圳市地铁富坪
120,深圳市地铁,地铁3号线(龙岗线),3号线/龙岗线,440300024060,坪地六联,0,地铁3号线(龙岗线),22.789712722091654,114.31717280454961,1,深圳市地铁坪地六联
121,深圳市地铁,地铁4号线(龙华线),4号线/龙华线,440300024074,福田口岸,1,"地铁10号线(坂田线), 地铁4号线(龙华线)",22.519590742030836,114.0621996453467,1,深圳市地铁福田口岸
122,深圳市地铁,地铁4号线(龙华线),4号线/龙华线,440300024074,福民,1,"地铁7号线, 地铁10号线(坂田线), 地铁4号线(龙华线)",22.525931473174566,114.06079433328122,0,深圳市地铁福民
123,深圳市地铁,地铁4号线(龙华线),4号线/龙华线,440300024074,会展中心,1,"地铁1号线(罗宝线), 地铁4号线(龙华线)",22.53748127714916,114.05598402504354,0,深圳市地铁会展中心
124,深圳市地铁,地铁4号线(龙华线),4号线/龙华线,440300024074,市民中心,1,"地铁2号线(8号线), 地铁4号线(龙华线)",22.544455697248832,114.05607447741706,0,深圳市地铁市民中心
125,深圳市地铁,地铁4号线(龙华线),4号线/龙华线,440300024074,少年宫,1,"地铁3号线(龙岗线), 地铁4号线(龙华线)",22.551339894071393,114.05505310050214,0,深圳市地铁少年宫
126,深圳市地铁,地铁4号线(龙华线),4号线/龙华线,440300024074,莲花北,0,地铁4号线(龙华线),22.5632511963861,114.05428515968269,0,深圳市地铁莲花北
127,深圳市地铁,地铁4号线(龙华线),4号线/龙华线,440300024074,上梅林,1,"地铁9号线, 地铁4号线(龙华线)",22.573174164198477,114.05432247115691,0,深圳市地铁上梅林
128,深圳市地铁,地铁4号线(龙华线),4号线/龙华线,440300024074,民乐,0,地铁4号线(龙华线),22.59687360192135,114.04370399780765,0,深圳市地铁民乐
129,深圳市地铁,地铁4号线(龙华线),4号线/龙华线,440300024074,白石龙,0,地铁4号线(龙华线),22.604247693030835,114.03733606196093,0,深圳市地铁白石龙
130,深圳市地铁,地铁4号线(龙华线),4号线/龙华线,440300024074,深圳北站,1,"地铁5号线(环中线), 地铁6号线(光明线), 地铁4号线(龙华线)",22.613267648234014,114.02522623668747,0,深圳市地铁深圳北站
131,深圳市地铁,地铁4号线(龙华线),4号线/龙华线,440300024074,红山,1,"地铁6号线(光明线), 地铁4号线(龙华线)",22.624674501223602,114.01840763302465,0,深圳市地铁红山
132,深圳市地铁,地铁4号线(龙华线),4号线/龙华线,440300024074,上塘,0,地铁4号线(龙华线),22.6399506222879,114.00777505719917,0,深圳市地铁上塘
133,深圳市地铁,地铁4号线(龙华线),4号线/龙华线,440300024074,龙胜,0,地铁4号线(龙华线),22.647556534727283,114.00697853368662,0,深圳市地铁龙胜
134,深圳市地铁,地铁4号线(龙华线),4号线/龙华线,440300024074,龙华,0,地铁4号线(龙华线),22.65441489915397,114.01736211258664,0,深圳市地铁龙华
135,深圳市地铁,地铁4号线(龙华线),4号线/龙华线,440300024074,清湖,0,地铁4号线(龙华线),22.666830526999323,114.03144997479215,0,深圳市地铁清湖
136,深圳市地铁,地铁4号线(龙华线),4号线/龙华线,440300024074,清湖北,0,地铁4号线(龙华线),22.67482127819485,114.03532109276006,0,深圳市地铁清湖北
137,深圳市地铁,地铁4号线(龙华线),4号线/龙华线,440300024074,竹村,0,地铁4号线(龙华线),22.689459082838095,114.03521233633613,0,深圳市地铁竹村
138,深圳市地铁,地铁4号线(龙华线),4号线/龙华线,440300024074,茜坑,0,地铁4号线(龙华线),22.69998260866673,114.03598822851963,0,深圳市地铁茜坑
139,深圳市地铁,地铁4号线(龙华线),4号线/龙华线,440300024074,长湖,0,地铁4号线(龙华线),22.713478526360323,114.03968985542915,0,深圳市地铁长湖
140,深圳市地铁,地铁4号线(龙华线),4号线/龙华线,440300024074,观澜,0,地铁4号线(龙华线),22.717864715921433,114.0496496307296,0,深圳市地铁观澜
141,深圳市地铁,地铁4号线(龙华线),4号线/龙华线,440300024074,松元厦,0,地铁4号线(龙华线),22.723231220936583,114.05974530879293,0,深圳市地铁松元厦
142,深圳市地铁,地铁4号线(龙华线),4号线/龙华线,440300024074,观澜湖,0,地铁4号线(龙华线),22.724275911206814,114.0711314043257,0,深圳市地铁观澜湖
143,深圳市地铁,地铁4号线(龙华线),4号线/龙华线,440300024074,牛湖,0,地铁4号线(龙华线),22.727258135546617,114.08411396248803,1,深圳市地铁牛湖
144,深圳市地铁,地铁5号线(环中线),5号线/环中线,440300024058,赤湾,1,"地铁2号线(8号线), 地铁5号线(环中线)",22.482281571267666,113.89266031301739,1,深圳市地铁赤湾
145,深圳市地铁,地铁5号线(环中线),5号线/环中线,440300024058,荔湾,0,地铁5号线(环中线),22.50087454223959,113.8886151127155,0,深圳市地铁荔湾
146,深圳市地铁,地铁5号线(环中线),5号线/环中线,440300024058,铁路公园,0,地铁5号线(环中线),22.505959962781958,113.88509469590518,0,深圳市地铁铁路公园
147,深圳市地铁,地铁5号线(环中线),5号线/环中线,440300024058,妈湾,0,地铁5号线(环中线),22.510953507002828,113.88104901807125,0,深圳市地铁妈湾
148,深圳市地铁,地铁5号线(环中线),5号线/环中线,440300024058,前湾公园,0,地铁5号线(环中线),22.519159437072727,113.88467634107066,0,深圳市地铁前湾公园
149,深圳市地铁,地铁5号线(环中线),5号线/环中线,440300024058,前湾,1,"地铁9号线, 地铁5号线(环中线)",22.524873593408344,113.89058565455723,1,深圳市地铁前湾
150,深圳市地铁,地铁5号线(环中线),5号线/环中线,440300024058,桂湾,0,地铁5号线(环中线),22.535411656450908,113.8930763373649,0,深圳市地铁桂湾
151,深圳市地铁,地铁5号线(环中线),5号线/环中线,440300024058,前海湾,1,"地铁1号线(罗宝线), 地铁11号线, 地铁5号线(环中线)",22.540174382304976,113.89306402597849,0,深圳市地铁前海湾
152,深圳市地铁,地铁5号线(环中线),5号线/环中线,440300024058,临海,0,地铁5号线(环中线),22.547209885681802,113.88444527895392,0,深圳市地铁临海
153,深圳市地铁,地铁5号线(环中线),5号线/环中线,440300024058,宝华,0,地铁5号线(环中线),22.552681883099208,113.88020618049394,0,深圳市地铁宝华
154,深圳市地铁,地铁5号线(环中线),5号线/环中线,440300024058,宝安中心,1,"地铁1号线(罗宝线), 地铁5号线(环中线)",22.557622893894433,113.8823518740308,0,深圳市地铁宝安中心
155,深圳市地铁,地铁5号线(环中线),5号线/环中线,440300024058,翻身,0,地铁5号线(环中线),22.562740410995065,113.88835792872074,0,深圳市地铁翻身
156,深圳市地铁,地铁5号线(环中线),5号线/环中线,440300024058,灵芝,1,"地铁12号线(南宝线), 地铁5号线(环中线)",22.57201502407732,113.89929264186107,0,深圳市地铁灵芝
157,深圳市地铁,地铁5号线(环中线),5号线/环中线,440300024058,洪浪北,0,地铁5号线(环中线),22.577591869373055,113.90572214848787,0,深圳市地铁洪浪北
158,深圳市地铁,地铁5号线(环中线),5号线/环中线,440300024058,兴东,0,地铁5号线(环中线),22.584865170394515,113.91415043211683,0,深圳市地铁兴东
159,深圳市地铁,地铁5号线(环中线),5号线/环中线,440300024058,留仙洞,0,地铁5号线(环中线),22.583545304062564,113.9386636228001,0,深圳市地铁留仙洞
160,深圳市地铁,地铁5号线(环中线),5号线/环中线,440300024058,西丽,1,"地铁7号线, 地铁5号线(环中线)",22.583666355851697,113.94950084072246,0,深圳市地铁西丽
161,深圳市地铁,地铁5号线(环中线),5号线/环中线,440300024058,大学城,0,地铁5号线(环中线),22.58490916487039,113.96039163383233,0,深圳市地铁大学城
162,深圳市地铁,地铁5号线(环中线),5号线/环中线,440300024058,塘朗,0,地铁5号线(环中线),22.592960639012034,113.99466909048306,0,深圳市地铁塘朗
163,深圳市地铁,地铁5号线(环中线),5号线/环中线,440300024058,长岭陂,0,地铁5号线(环中线),22.602225356670544,114.005250763371,0,深圳市地铁长岭陂
164,深圳市地铁,地铁5号线(环中线),5号线/环中线,440300024058,深圳北站,1,"地铁4号线(龙华线), 地铁6号线(光明线), 地铁5号线(环中线)",22.613267648234014,114.02522623668747,0,深圳市地铁深圳北站
165,深圳市地铁,地铁5号线(环中线),5号线/环中线,440300024058,民治,0,地铁5号线(环中线),22.620288937585908,114.03575685391053,0,深圳市地铁民治
166,深圳市地铁,地铁5号线(环中线),5号线/环中线,440300024058,五和,1,"地铁10号线(坂田线), 地铁5号线(环中线)",22.62953521370229,114.05555845835319,0,深圳市地铁五和
167,深圳市地铁,地铁5号线(环中线),5号线/环中线,440300024058,坂田,0,地铁5号线(环中线),22.630170488171206,114.06572106575747,0,深圳市地铁坂田
168,深圳市地铁,地铁5号线(环中线),5号线/环中线,440300024058,杨美,0,地铁5号线(环中线),22.629455330171805,114.0748407209181,0,深圳市地铁杨美
169,深圳市地铁,地铁5号线(环中线),5号线/环中线,440300024058,上水径,0,地铁5号线(环中线),22.6247189188688,114.10021456107744,0,深圳市地铁上水径
170,深圳市地铁,地铁5号线(环中线),5号线/环中线,440300024058,下水径,0,地铁5号线(环中线),22.61750934748175,114.1055462467849,0,深圳市地铁下水径
171,深圳市地铁,地铁5号线(环中线),5号线/环中线,440300024058,长龙,0,地铁5号线(环中线),22.610732279955883,114.10871396094211,0,深圳市地铁长龙
172,深圳市地铁,地铁5号线(环中线),5号线/环中线,440300024058,布吉,1,"地铁3号线(龙岗线), 地铁14号线(东部快线), 地铁5号线(环中线)",22.605015955205428,114.11605981386103,0,深圳市地铁布吉
173,深圳市地铁,地铁5号线(环中线),5号线/环中线,440300024058,百鸽笼,0,地铁5号线(环中线),22.598138938794143,114.12529855823766,0,深圳市地铁百鸽笼
174,深圳市地铁,地铁5号线(环中线),5号线/环中线,440300024058,布心,0,地铁5号线(环中线),22.58369508861425,114.13298098576308,0,深圳市地铁布心
175,深圳市地铁,地铁5号线(环中线),5号线/环中线,440300024058,太安,1,"地铁7号线, 地铁5号线(环中线)",22.576174603798247,114.13205339107877,0,深圳市地铁太安
176,深圳市地铁,地铁5号线(环中线),5号线/环中线,440300024058,怡景,0,地铁5号线(环中线),22.55857069179157,114.13505735315616,0,深圳市地铁怡景
177,深圳市地铁,地铁5号线(环中线),5号线/环中线,440300024058,黄贝岭,1,"地铁2号线(8号线), 地铁5号线(环中线)",22.54880495572443,114.13126641493965,1,深圳市地铁黄贝岭
178,深圳市地铁,地铁6号线(光明线),6号线/光明线,440300024046,松岗,1,"地铁11号线, 地铁12号线(南宝线), 地铁6号线(光明线)",22.775189365138832,113.8246073279173,1,深圳市地铁松岗
179,深圳市地铁,地铁6号线(光明线),6号线/光明线,440300024046,溪头,0,地铁6号线(光明线),22.777580663034218,113.8326477559153,0,深圳市地铁溪头
180,深圳市地铁,地铁6号线(光明线),6号线/光明线,440300024046,松岗公园,0,地铁6号线(光明线),22.780870807811496,113.84333542681235,0,深圳市地铁松岗公园
181,深圳市地铁,地铁6号线(光明线),6号线/光明线,440300024046,薯田埔,0,地铁6号线(光明线),22.78390756468714,113.86276452239005,0,深圳市地铁薯田埔
182,深圳市地铁,地铁6号线(光明线),6号线/光明线,440300024046,合水口,0,地铁6号线(光明线),22.78460364812936,113.87602305695921,0,深圳市地铁合水口
183,深圳市地铁,地铁6号线(光明线),6号线/光明线,440300024046,公明广场,0,地铁6号线(光明线),22.780429895038218,113.88651702176956,0,深圳市地铁公明广场
184,深圳市地铁,地铁6号线(光明线),6号线/光明线,440300024046,红花山,0,地铁6号线(光明线),22.780687521360576,113.90241504160318,0,深圳市地铁红花山
185,深圳市地铁,地铁6号线(光明线),6号线/光明线,440300024046,楼村,0,地铁6号线(光明线),22.778904394065222,113.91853114780473,0,深圳市地铁楼村
186,深圳市地铁,地铁6号线(光明线),6号线/光明线,440300024046,科学公园,0,地铁6号线(光明线),22.780450014533358,113.92923285702499,0,深圳市地铁科学公园
187,深圳市地铁,地铁6号线(光明线),6号线/光明线,440300024046,光明,1,"地铁6号线支线, 地铁6号线(光明线)",22.77467142357399,113.9403473042681,1,深圳市地铁光明
188,深圳市地铁,地铁6号线(光明线),6号线/光明线,440300024046,光明大街,0,地铁6号线(光明线),22.764937208392503,113.93782410018137,0,深圳市地铁光明大街
189,深圳市地铁,地铁6号线(光明线),6号线/光明线,440300024046,凤凰城,0,地铁6号线(光明线),22.750425406956605,113.92795179383067,0,深圳市地铁凤凰城
190,深圳市地铁,地铁6号线(光明线),6号线/光明线,440300024046,长圳,0,地铁6号线(光明线),22.72933319028066,113.92604951528408,0,深圳市地铁长圳
191,深圳市地铁,地铁6号线(光明线),6号线/光明线,440300024046,上屋,0,地铁6号线(光明线),22.69209700215151,113.93365539307679,0,深圳市地铁上屋
192,深圳市地铁,地铁6号线(光明线),6号线/光明线,440300024046,官田,0,地铁6号线(光明线),22.686233980064372,113.94476876522641,0,深圳市地铁官田
193,深圳市地铁,地铁6号线(光明线),6号线/光明线,440300024046,阳台山东,0,地铁6号线(光明线),22.670970665493666,113.9868029778128,0,深圳市地铁阳台山东
194,深圳市地铁,地铁6号线(光明线),6号线/光明线,440300024046,元芬,0,地铁6号线(光明线),22.659162806061,114.00012297114581,0,深圳市地铁元芬
195,深圳市地铁,地铁6号线(光明线),6号线/光明线,440300024046,上芬,0,地铁6号线(光明线),22.643198738773656,114.01159451195551,0,深圳市地铁上芬
196,深圳市地铁,地铁6号线(光明线),6号线/光明线,440300024046,红山,1,"地铁4号线(龙华线), 地铁6号线(光明线)",22.624674501223602,114.01840763302465,0,深圳市地铁红山
197,深圳市地铁,地铁6号线(光明线),6号线/光明线,440300024046,深圳北站,1,"地铁4号线(龙华线), 地铁5号线(环中线), 地铁6号线(光明线)",22.613267648234014,114.02522623668747,0,深圳市地铁深圳北站
198,深圳市地铁,地铁6号线(光明线),6号线/光明线,440300024046,梅林关,0,地铁6号线(光明线),22.59724468401996,114.04807861850745,0,深圳市地铁梅林关
199,深圳市地铁,地铁6号线(光明线),6号线/光明线,440300024046,翰岭,0,地铁6号线(光明线),22.57687654986986,114.06376778739553,0,深圳市地铁翰岭
200,深圳市地铁,地铁6号线(光明线),6号线/光明线,440300024046,银湖,1,"地铁9号线, 地铁6号线(光明线)",22.570988578680506,114.08472138108945,0,深圳市地铁银湖
201,深圳市地铁,地铁6号线(光明线),6号线/光明线,440300024046,八卦岭,1,"地铁7号线, 地铁6号线(光明线)",22.56462094653253,114.0895219001516,0,深圳市地铁八卦岭
202,深圳市地铁,地铁6号线(光明线),6号线/光明线,440300024046,体育中心,0,地铁6号线(光明线),22.55735341134421,114.09097822918037,0,深圳市地铁体育中心
203,深圳市地铁,地铁6号线(光明线),6号线/光明线,440300024046,通新岭,1,"地铁3号线(龙岗线), 地铁6号线(光明线)",22.551806839736603,114.09114769676756,0,深圳市地铁通新岭
204,深圳市地铁,地铁6号线(光明线),6号线/光明线,440300024046,科学馆,1,"地铁1号线(罗宝线), 地铁6号线(光明线)",22.54329955667086,114.09004758727023,1,深圳市地铁科学馆
205,深圳市地铁,地铁6号线支线,6号线支线,440300024048,光明,1,"地铁6号线(光明线), 地铁6号线支线",22.77467142357399,113.9403473042681,1,深圳市地铁光明
206,深圳市地铁,地铁6号线支线,6号线支线,440300024048,圳美,0,地铁6号线支线,22.79076513425638,113.94437466793107,0,深圳市地铁圳美
207,深圳市地铁,地铁6号线支线,6号线支线,440300024048,中大,0,地铁6号线支线,22.79975701674866,113.94863846365142,0,深圳市地铁中大
208,深圳市地铁,地铁6号线支线,6号线支线,440300024048,深理工,0,地铁6号线支线,22.809277222868573,113.96365849736327,1,深圳市地铁深理工
209,深圳市地铁,地铁7号线,7号线/西丽线,440300024050,北大,0,地铁7号线,22.59692448357646,113.97336847189476,1,深圳市地铁北大
210,深圳市地铁,地铁7号线,7号线/西丽线,440300024050,西丽湖,0,地铁7号线,22.596527830344936,113.96073120490061,0,深圳市地铁西丽湖
211,深圳市地铁,地铁7号线,7号线/西丽线,440300024050,西丽,1,"地铁5号线(环中线), 地铁7号线",22.583666355851697,113.94950084072246,0,深圳市地铁西丽
212,深圳市地铁,地铁7号线,7号线/西丽线,440300024050,茶光,0,地铁7号线,22.577128281512298,113.94941639675508,0,深圳市地铁茶光
213,深圳市地铁,地铁7号线,7号线/西丽线,440300024050,珠光,0,地铁7号线,22.571246443775134,113.95565373642516,0,深圳市地铁珠光
214,深圳市地铁,地铁7号线,7号线/西丽线,440300024050,龙井,0,地铁7号线,22.56695009935908,113.96975269703898,0,深圳市地铁龙井
215,深圳市地铁,地铁7号线,7号线/西丽线,440300024050,桃源村,0,地铁7号线,22.562819837032443,113.97701103614114,0,深圳市地铁桃源村
216,深圳市地铁,地铁7号线,7号线/西丽线,440300024050,深云,0,地铁7号线,22.559422226813428,113.98874726149745,0,深圳市地铁深云
217,深圳市地铁,地铁7号线,7号线/西丽线,440300024050,安托山,1,"地铁2号线(8号线), 地铁7号线",22.551632979115595,114.00122513240905,0,深圳市地铁安托山
218,深圳市地铁,地铁7号线,7号线/西丽线,440300024050,农林,0,地铁7号线,22.5432242681053,114.0130953780954,0,深圳市地铁农林
219,深圳市地铁,地铁7号线,7号线/西丽线,440300024050,车公庙,1,"地铁1号线(罗宝线), 地铁9号线, 地铁11号线, 地铁7号线",22.53903873383177,114.02077281755152,0,深圳市地铁车公庙
220,深圳市地铁,地铁7号线,7号线/西丽线,440300024050,上沙,0,地铁7号线,22.52737871968932,114.03042707202155,0,深圳市地铁上沙
221,深圳市地铁,地铁7号线,7号线/西丽线,440300024050,沙尾,0,地铁7号线,22.523547742364304,114.03748904308812,0,深圳市地铁沙尾
222,深圳市地铁,地铁7号线,7号线/西丽线,440300024050,石厦,1,"地铁3号线(龙岗线), 地铁7号线",22.52643416337282,114.04850865015898,0,深圳市地铁石厦
223,深圳市地铁,地铁7号线,7号线/西丽线,440300024050,皇岗村,0,地铁7号线,22.525852972746797,114.05470813355272,0,深圳市地铁皇岗村
224,深圳市地铁,地铁7号线,7号线/西丽线,440300024050,福民,1,"地铁4号线(龙华线), 地铁10号线(坂田线), 地铁7号线",22.525931473174566,114.06079433328122,0,深圳市地铁福民
225,深圳市地铁,地铁7号线,7号线/西丽线,440300024050,皇岗口岸,0,地铁7号线,22.524494397199195,114.06884635933895,0,深圳市地铁皇岗口岸
226,深圳市地铁,地铁7号线,7号线/西丽线,440300024050,赤尾,0,地铁7号线,22.534060608905033,114.07846971199311,0,深圳市地铁赤尾
227,深圳市地铁,地铁7号线,7号线/西丽线,440300024050,华强南,1,"地铁11号线, 地铁7号线",22.539898414663636,114.08169665205698,1,深圳市地铁华强南
228,深圳市地铁,地铁7号线,7号线/西丽线,440300024050,华强北,1,"地铁2号线(8号线), 地铁7号线",22.547125700341837,114.08028397844511,0,深圳市地铁华强北
229,深圳市地铁,地铁7号线,7号线/西丽线,440300024050,华新,1,"地铁3号线(龙岗线), 地铁7号线",22.55166469834854,114.08152485497993,0,深圳市地铁华新
230,深圳市地铁,地铁7号线,7号线/西丽线,440300024050,黄木岗,1,"地铁14号线(东部快线), 地铁7号线",22.558381868772535,114.08210452289146,0,深圳市地铁黄木岗
231,深圳市地铁,地铁7号线,7号线/西丽线,440300024050,八卦岭,1,"地铁6号线(光明线), 地铁7号线",22.56462094653253,114.0895219001516,0,深圳市地铁八卦岭
232,深圳市地铁,地铁7号线,7号线/西丽线,440300024050,红岭北,1,"地铁9号线, 地铁7号线",22.56471050630285,114.0991954305729,0,深圳市地铁红岭北
233,深圳市地铁,地铁7号线,7号线/西丽线,440300024050,笋岗,0,地铁7号线,22.566089258743105,114.10618342205771,0,深圳市地铁笋岗
234,深圳市地铁,地铁7号线,7号线/西丽线,440300024050,洪湖,0,地铁7号线,22.56874760778926,114.11737043948142,0,深圳市地铁洪湖
235,深圳市地铁,地铁7号线,7号线/西丽线,440300024050,田贝,1,"地铁3号线(龙岗线), 地铁7号线",22.56997985684786,114.124971723338,0,深圳市地铁田贝
236,深圳市地铁,地铁7号线,7号线/西丽线,440300024050,太安,1,"地铁5号线(环中线), 地铁7号线",22.576174603798247,114.13205339107877,0,深圳市地铁太安
237,深圳市地铁,地铁7号线,7号线/西丽线,440300024050,深大丽湖,0,地铁7号线,22.595103555804496,113.98701832250086,1,深圳市地铁深大丽湖
238,深圳市地铁,地铁9号线,9号线/梅林线,440300024054,前湾,1,"地铁5号线(环中线), 地铁9号线",22.524873593408344,113.89058565455723,1,深圳市地铁前湾
239,深圳市地铁,地铁9号线,9号线/梅林线,440300024054,梦海,0,地铁9号线,22.521979393506157,113.89393993252266,0,深圳市地铁梦海
240,深圳市地铁,地铁9号线,9号线/梅林线,440300024054,怡海,0,地铁9号线,22.517987656402926,113.89889581014297,0,深圳市地铁怡海
241,深圳市地铁,地铁9号线,9号线/梅林线,440300024054,荔林,0,地铁9号线,22.514955009637784,113.90826968719472,0,深圳市地铁荔林
242,深圳市地铁,地铁9号线,9号线/梅林线,440300024054,南油西,0,地铁9号线,22.51212280239818,113.91354408565292,0,深圳市地铁南油西
243,深圳市地铁,地铁9号线,9号线/梅林线,440300024054,南油,1,"地铁12号线(南宝线), 地铁9号线",22.51328010401352,113.92090608505681,0,深圳市地铁南油
244,深圳市地铁,地铁9号线,9号线/梅林线,440300024054,南山书城,0,地铁9号线,22.522393545952347,113.92379504932849,0,深圳市地铁南山书城
245,深圳市地铁,地铁9号线,9号线/梅林线,440300024054,深大南,0,地铁9号线,22.52904480386319,113.9308074704333,0,深圳市地铁深大南
246,深圳市地铁,地铁9号线,9号线/梅林线,440300024054,粤海门,1,"地铁13号线(石岩线), 地铁9号线",22.53570671834872,113.9406521123442,0,深圳市地铁粤海门
247,深圳市地铁,地铁9号线,9号线/梅林线,440300024054,高新南,0,地铁9号线,22.535799708650796,113.9451936976533,0,深圳市地铁高新南
248,深圳市地铁,地铁9号线,9号线/梅林线,440300024054,红树湾南,1,"地铁11号线, 地铁9号线",22.525974816794204,113.96650852079027,0,深圳市地铁红树湾南
249,深圳市地铁,地铁9号线,9号线/梅林线,440300024054,深湾,0,地铁9号线,22.52600986774641,113.97367928143515,0,深圳市地铁深湾
250,深圳市地铁,地铁9号线,9号线/梅林线,440300024054,深圳湾公园,0,地铁9号线,22.524480271860135,113.9881380409092,0,深圳市地铁深圳湾公园
251,深圳市地铁,地铁9号线,9号线/梅林线,440300024054,下沙,0,地铁9号线,22.531696284128174,114.01928066632297,0,深圳市地铁下沙
252,深圳市地铁,地铁9号线,9号线/梅林线,440300024054,车公庙,1,"地铁1号线(罗宝线), 地铁7号线, 地铁11号线, 地铁9号线",22.53903873383177,114.02077281755152,0,深圳市地铁车公庙
253,深圳市地铁,地铁9号线,9号线/梅林线,440300024054,香梅,0,地铁9号线,22.548111223794454,114.0345966901665,0,深圳市地铁香梅
254,深圳市地铁,地铁9号线,9号线/梅林线,440300024054,景田,1,"地铁2号线(8号线), 地铁9号线",22.55616501649381,114.03824959099141,0,深圳市地铁景田
255,深圳市地铁,地铁9号线,9号线/梅林线,440300024054,梅景,0,地铁9号线,22.563786197317572,114.0328499714251,0,深圳市地铁梅景
256,深圳市地铁,地铁9号线,9号线/梅林线,440300024054,下梅林,0,地铁9号线,22.568420561898105,114.03667656976758,0,深圳市地铁下梅林
257,深圳市地铁,地铁9号线,9号线/梅林线,440300024054,梅村,0,地铁9号线,22.571168263997816,114.04731437487074,0,深圳市地铁梅村
258,深圳市地铁,地铁9号线,9号线/梅林线,440300024054,上梅林,1,"地铁4号线(龙华线), 地铁9号线",22.573174164198477,114.05432247115691,0,深圳市地铁上梅林
259,深圳市地铁,地铁9号线,9号线/梅林线,440300024054,孖岭,1,"地铁10号线(坂田线), 地铁9号线",22.571157632831557,114.06265294659798,0,深圳市地铁孖岭
260,深圳市地铁,地铁9号线,9号线/梅林线,440300024054,银湖,1,"地铁6号线(光明线), 地铁9号线",22.570988578680506,114.08472138108945,0,深圳市地铁银湖
261,深圳市地铁,地铁9号线,9号线/梅林线,440300024054,泥岗,0,地铁9号线,22.57048311918452,114.09250837933685,0,深圳市地铁泥岗
262,深圳市地铁,地铁9号线,9号线/梅林线,440300024054,红岭北,1,"地铁7号线, 地铁9号线",22.56471050630285,114.0991954305729,0,深圳市地铁红岭北
263,深圳市地铁,地铁9号线,9号线/梅林线,440300024054,园岭,0,地铁9号线,22.55896906846269,114.09937798818557,0,深圳市地铁园岭
264,深圳市地铁,地铁9号线,9号线/梅林线,440300024054,红岭,1,"地铁3号线(龙岗线), 地铁9号线",22.551061728334243,114.09946559177207,0,深圳市地铁红岭
265,深圳市地铁,地铁9号线,9号线/梅林线,440300024054,红岭南,0,地铁9号线,22.542625362818633,114.09963130958677,0,深圳市地铁红岭南
266,深圳市地铁,地铁9号线,9号线/梅林线,440300024054,鹿丹村,0,地铁9号线,22.53839204504706,114.10351188247157,0,深圳市地铁鹿丹村
267,深圳市地铁,地铁9号线,9号线/梅林线,440300024054,人民南,0,地铁9号线,22.538204125876835,114.11305420227482,0,深圳市地铁人民南
268,深圳市地铁,地铁9号线,9号线/梅林线,440300024054,向西村,0,地铁9号线,22.542489149057438,114.12068014941158,0,深圳市地铁向西村
269,深圳市地铁,地铁9号线,9号线/梅林线,440300024054,文锦,0,地铁9号线,22.544962075870902,114.12588520180806,1,深圳市地铁文锦
270,深圳市地铁,地铁10号线(坂田线),10号线/坂田线,900000055265,双拥街,0,地铁10号线(坂田线),22.701327809531787,114.12789522868464,1,深圳市地铁双拥街
271,深圳市地铁,地铁10号线(坂田线),10号线/坂田线,900000055265,平湖,0,地铁10号线(坂田线),22.696342442320628,114.12070819701773,0,深圳市地铁平湖
272,深圳市地铁,地铁10号线(坂田线),10号线/坂田线,900000055265,禾花,0,地铁10号线(坂田线),22.68869754990774,114.11595918903018,0,深圳市地铁禾花
273,深圳市地铁,地铁10号线(坂田线),10号线/坂田线,900000055265,华南城,0,地铁10号线(坂田线),22.678647062846252,114.11714789636768,0,深圳市地铁华南城
274,深圳市地铁,地铁10号线(坂田线),10号线/坂田线,900000055265,木古,0,地铁10号线(坂田线),22.672002825619906,114.11740077291587,0,深圳市地铁木古
275,深圳市地铁,地铁10号线(坂田线),10号线/坂田线,900000055265,上李朗,0,地铁10号线(坂田线),22.656730944562348,114.12197919155487,0,深圳市地铁上李朗
276,深圳市地铁,地铁10号线(坂田线),10号线/坂田线,900000055265,凉帽山,0,地铁10号线(坂田线),22.648999455012177,114.11385828472746,0,深圳市地铁凉帽山
277,深圳市地铁,地铁10号线(坂田线),10号线/坂田线,900000055265,甘坑,0,地铁10号线(坂田线),22.650496320818178,114.10070239376047,0,深圳市地铁甘坑
278,深圳市地铁,地铁10号线(坂田线),10号线/坂田线,900000055265,雪象,0,地铁10号线(坂田线),22.659582371694857,114.0738279283538,0,深圳市地铁雪象
279,深圳市地铁,地铁10号线(坂田线),10号线/坂田线,900000055265,岗头,0,地铁10号线(坂田线),22.65974752688886,114.06676154244455,0,深圳市地铁岗头
280,深圳市地铁,地铁10号线(坂田线),10号线/坂田线,900000055265,华为,0,地铁10号线(坂田线),22.653132924186213,114.06204104230652,0,深圳市地铁华为
281,深圳市地铁,地铁10号线(坂田线),10号线/坂田线,900000055265,贝尔路,0,地铁10号线(坂田线),22.644409772443034,114.06123723840469,0,深圳市地铁贝尔路
282,深圳市地铁,地铁10号线(坂田线),10号线/坂田线,900000055265,坂田北,0,地铁10号线(坂田线),22.637615476874117,114.05824326929063,0,深圳市地铁坂田北
283,深圳市地铁,地铁10号线(坂田线),10号线/坂田线,900000055265,五和,1,"地铁5号线(环中线), 地铁10号线(坂田线)",22.62953521370229,114.05555845835319,0,深圳市地铁五和
284,深圳市地铁,地铁10号线(坂田线),10号线/坂田线,900000055265,光雅园,0,地铁10号线(坂田线),22.619100623044673,114.05576991956535,0,深圳市地铁光雅园
285,深圳市地铁,地铁10号线(坂田线),10号线/坂田线,900000055265,南坑,0,地铁10号线(坂田线),22.613599065481974,114.05542464116081,0,深圳市地铁南坑
286,深圳市地铁,地铁10号线(坂田线),10号线/坂田线,900000055265,雅宝,0,地铁10号线(坂田线),22.607247419203667,114.05518830700082,0,深圳市地铁雅宝
287,深圳市地铁,地铁10号线(坂田线),10号线/坂田线,900000055265,孖岭,1,"地铁9号线, 地铁10号线(坂田线)",22.571157632831557,114.06265294659798,0,深圳市地铁孖岭
288,深圳市地铁,地铁10号线(坂田线),10号线/坂田线,900000055265,冬瓜岭,0,地铁10号线(坂田线),22.56313765620576,114.06246760626483,0,深圳市地铁冬瓜岭
289,深圳市地铁,地铁10号线(坂田线),10号线/坂田线,900000055265,莲花村,1,"地铁3号线(龙岗线), 地铁10号线(坂田线)",22.551347316655942,114.06270520122125,0,深圳市地铁莲花村
290,深圳市地铁,地铁10号线(坂田线),10号线/坂田线,900000055265,岗厦北,1,"地铁11号线, 地铁14号线(东部快线), 地铁2号线(8号线), 地铁10号线(坂田线)",22.54102184479824,114.06284077632802,1,深圳市地铁岗厦北
291,深圳市地铁,地铁10号线(坂田线),10号线/坂田线,900000055265,岗厦,1,"地铁1号线(罗宝线), 地铁10号线(坂田线)",22.53755574898154,114.06306684031424,0,深圳市地铁岗厦
292,深圳市地铁,地铁10号线(坂田线),10号线/坂田线,900000055265,福民,1,"地铁4号线(龙华线), 地铁7号线, 地铁10号线(坂田线)",22.525931473174566,114.06079433328122,0,深圳市地铁福民
293,深圳市地铁,地铁10号线(坂田线),10号线/坂田线,900000055265,福田口岸,1,"地铁4号线(龙华线), 地铁10号线(坂田线)",22.519590742030836,114.0621996453467,1,深圳市地铁福田口岸
294,深圳市地铁,地铁11号线,11号线/机场线,440300024056,碧头,0,地铁11号线,22.786940192088995,113.81490752738694,1,深圳市地铁碧头
295,深圳市地铁,地铁11号线,11号线/机场线,440300024056,松岗,1,"地铁6号线(光明线), 地铁12号线(南宝线), 地铁11号线",22.775189365138832,113.8246073279173,1,深圳市地铁松岗
296,深圳市地铁,地铁11号线,11号线/机场线,440300024056,后亭,0,地铁11号线,22.755544412610927,113.82184414917664,0,深圳市地铁后亭
297,深圳市地铁,地铁11号线,11号线/机场线,440300024056,沙井,0,地铁11号线,22.733770330079825,113.81939897669581,0,深圳市地铁沙井
298,深圳市地铁,地铁11号线,11号线/机场线,440300024056,马安山,0,地铁11号线,22.719909343101033,113.81195103407109,0,深圳市地铁马安山
299,深圳市地铁,地铁11号线,11号线/机场线,440300024056,塘尾,0,地铁11号线,22.70499195792584,113.81282730893183,0,深圳市地铁塘尾
300,深圳市地铁,地铁11号线,11号线/机场线,440300024056,桥头,0,地铁11号线,22.691040963593004,113.80593326408761,0,深圳市地铁桥头
301,深圳市地铁,地铁11号线,11号线/机场线,440300024056,福永,1,"地铁12号线(南宝线), 地铁11号线",22.676464820646547,113.80099677493348,0,深圳市地铁福永
302,深圳市地铁,地铁11号线,11号线/机场线,440300024056,机场北,1,"地铁20号线, 地铁11号线",22.65402275675199,113.79308227902548,1,深圳市地铁机场北
303,深圳市地铁,地铁11号线,11号线/机场线,440300024056,机场,0,地铁11号线,22.626952137633594,113.80860628784464,0,深圳市地铁机场
304,深圳市地铁,地铁11号线,11号线/机场线,440300024056,碧海湾,0,地铁11号线,22.578083159241693,113.85115064511572,0,深圳市地铁碧海湾
305,深圳市地铁,地铁11号线,11号线/机场线,440300024056,宝安,0,地铁11号线,22.55763279517188,113.87550463159428,0,深圳市地铁宝安
306,深圳市地铁,地铁11号线,11号线/机场线,440300024056,前海湾,1,"地铁1号线(罗宝线), 地铁5号线(环中线), 地铁11号线",22.540174382304976,113.89306402597849,0,深圳市地铁前海湾
307,深圳市地铁,地铁11号线,11号线/机场线,440300024056,南山,1,"地铁12号线(南宝线), 地铁11号线",22.527080964932757,113.91862308908836,0,深圳市地铁南山
308,深圳市地铁,地铁11号线,11号线/机场线,440300024056,后海,1,"地铁13号线(石岩线), 地铁2号线(8号线), 地铁11号线",22.521188132503205,113.9386276186471,0,深圳市地铁后海
309,深圳市地铁,地铁11号线,11号线/机场线,440300024056,红树湾南,1,"地铁9号线, 地铁11号线",22.525974816794204,113.96650852079027,0,深圳市地铁红树湾南
310,深圳市地铁,地铁11号线,11号线/机场线,440300024056,车公庙,1,"地铁1号线(罗宝线), 地铁7号线, 地铁9号线, 地铁11号线",22.53903873383177,114.02077281755152,0,深圳市地铁车公庙
311,深圳市地铁,地铁11号线,11号线/机场线,440300024056,福田,1,"地铁3号线(龙岗线), 地铁2号线(8号线), 地铁11号线",22.54281371810132,114.0477715881899,0,深圳市地铁福田
312,深圳市地铁,地铁11号线,11号线/机场线,440300024056,岗厦北,1,"地铁10号线(坂田线), 地铁14号线(东部快线), 地铁2号线(8号线), 地铁11号线",22.54102184479824,114.06284077632802,1,深圳市地铁岗厦北
313,深圳市地铁,地铁11号线,11号线/机场线,440300024056,福星,0,地铁11号线,22.540075702893564,114.07640937821763,0,深圳市地铁福星
314,深圳市地铁,地铁11号线,11号线/机场线,440300024056,华强南,1,"地铁7号线, 地铁11号线",22.539898414663636,114.08169665205698,1,深圳市地铁华强南
315,深圳市地铁,地铁12号线(南宝线),12号线/南宝线,900000094862,松岗,1,"地铁6号线(光明线), 地铁11号线, 地铁12号线(南宝线)",22.775189365138832,113.8246073279173,1,深圳市地铁松岗
316,深圳市地铁,地铁12号线(南宝线),12号线/南宝线,900000094862,朗下,0,地铁12号线(南宝线),22.770811098655855,113.81306067113168,0,深圳市地铁朗下
317,深圳市地铁,地铁12号线(南宝线),12号线/南宝线,900000094862,步涌,0,地铁12号线(南宝线),22.760215632729885,113.80711181212051,0,深圳市地铁步涌
318,深圳市地铁,地铁12号线(南宝线),12号线/南宝线,900000094862,沙井古墟,0,地铁12号线(南宝线),22.74699228325112,113.80347640156089,0,深圳市地铁沙井古墟
319,深圳市地铁,地铁12号线(南宝线),12号线/南宝线,900000094862,沙蚝,0,地铁12号线(南宝线),22.742484867472143,113.7964965509998,0,深圳市地铁沙蚝
320,深圳市地铁,地铁12号线(南宝线),12号线/南宝线,900000094862,蚝乡,0,地铁12号线(南宝线),22.743405411570556,113.78502873894955,0,深圳市地铁蚝乡
321,深圳市地铁,地铁12号线(南宝线),12号线/南宝线,900000094862,海上田园东,0,地铁12号线(南宝线),22.73404513764027,113.77609790876488,0,深圳市地铁海上田园东
322,深圳市地铁,地铁12号线(南宝线),12号线/南宝线,900000094862,海上田园南,0,地铁12号线(南宝线),22.721123992882045,113.76925821309541,0,深圳市地铁海上田园南
323,深圳市地铁,地铁12号线(南宝线),12号线/南宝线,900000094862,国展北,1,"地铁20号线, 地铁12号线(南宝线)",22.705984379344407,113.77175622159803,0,深圳市地铁国展北
324,深圳市地铁,地铁12号线(南宝线),12号线/南宝线,900000094862,国展,1,"地铁20号线, 地铁12号线(南宝线)",22.698817267505593,113.77281646359772,0,深圳市地铁国展
325,深圳市地铁,地铁12号线(南宝线),12号线/南宝线,900000094862,福海西,0,地铁12号线(南宝线),22.691258729223396,113.78435673492699,0,深圳市地铁福海西
326,深圳市地铁,地铁12号线(南宝线),12号线/南宝线,900000094862,桥头西,0,地铁12号线(南宝线),22.685983506581213,113.79232847553047,0,深圳市地铁桥头西
327,深圳市地铁,地铁12号线(南宝线),12号线/南宝线,900000094862,福永,1,"地铁11号线, 地铁12号线(南宝线)",22.676464820646547,113.80099677493348,0,深圳市地铁福永
328,深圳市地铁,地铁12号线(南宝线),12号线/南宝线,900000094862,怀德,0,地铁12号线(南宝线),22.669584381913534,113.8138482945365,0,深圳市地铁怀德
329,深圳市地铁,地铁12号线(南宝线),12号线/南宝线,900000094862,福围,0,地铁12号线(南宝线),22.65977377209705,113.81614102313888,0,深圳市地铁福围
330,深圳市地铁,地铁12号线(南宝线),12号线/南宝线,900000094862,机场东,1,"地铁1号线(罗宝线), 地铁12号线(南宝线)",22.649939515495824,113.81759955284791,1,深圳市地铁机场东
331,深圳市地铁,地铁12号线(南宝线),12号线/南宝线,900000094862,兴围,0,地铁12号线(南宝线),22.645826727902538,113.82948376267713,0,深圳市地铁兴围
332,深圳市地铁,地铁12号线(南宝线),12号线/南宝线,900000094862,黄田,0,地铁12号线(南宝线),22.633189622132935,113.84071117363774,0,深圳市地铁黄田
333,深圳市地铁,地铁12号线(南宝线),12号线/南宝线,900000094862,钟屋南,0,地铁12号线(南宝线),22.621551062453985,113.85428924916879,0,深圳市地铁钟屋南
334,深圳市地铁,地铁12号线(南宝线),12号线/南宝线,900000094862,西乡桃源,0,地铁12号线(南宝线),22.614033882892137,113.85741783081981,0,深圳市地铁西乡桃源
335,深圳市地铁,地铁12号线(南宝线),12号线/南宝线,900000094862,平峦山,0,地铁12号线(南宝线),22.60620899635243,113.86485711586745,0,深圳市地铁平峦山
336,深圳市地铁,地铁12号线(南宝线),12号线/南宝线,900000094862,宝田一路,0,地铁12号线(南宝线),22.597559699417726,113.87357989371007,0,深圳市地铁宝田一路
337,深圳市地铁,地铁12号线(南宝线),12号线/南宝线,900000094862,宝安客运站,0,地铁12号线(南宝线),22.59237378903623,113.87878557655323,0,深圳市地铁宝安客运站
338,深圳市地铁,地铁12号线(南宝线),12号线/南宝线,900000094862,流塘,0,地铁12号线(南宝线),22.58677509786434,113.8844117360439,0,深圳市地铁流塘
339,深圳市地铁,地铁12号线(南宝线),12号线/南宝线,900000094862,上川,0,地铁12号线(南宝线),22.580887194688284,113.8902557862654,0,深圳市地铁上川
340,深圳市地铁,地铁12号线(南宝线),12号线/南宝线,900000094862,灵芝,1,"地铁5号线(环中线), 地铁12号线(南宝线)",22.57201502407732,113.89929264186107,0,深圳市地铁灵芝
341,深圳市地铁,地铁12号线(南宝线),12号线/南宝线,900000094862,新安公园,0,地铁12号线(南宝线),22.565352990355798,113.90602100645114,0,深圳市地铁新安公园
342,深圳市地铁,地铁12号线(南宝线),12号线/南宝线,900000094862,同乐南,0,地铁12号线(南宝线),22.559406977887686,113.91387707059936,0,深圳市地铁同乐南
343,深圳市地铁,地铁12号线(南宝线),12号线/南宝线,900000094862,中山公园,0,地铁12号线(南宝线),22.550063876233164,113.91836372169003,0,深圳市地铁中山公园
344,深圳市地铁,地铁12号线(南宝线),12号线/南宝线,900000094862,南头古城,0,地铁12号线(南宝线),22.541507555983927,113.91928395047972,0,深圳市地铁南头古城
345,深圳市地铁,地铁12号线(南宝线),12号线/南宝线,900000094862,桃园,1,"地铁1号线(罗宝线), 地铁12号线(南宝线)",22.534548312096632,113.91992015093783,0,深圳市地铁桃园
346,深圳市地铁,地铁12号线(南宝线),12号线/南宝线,900000094862,南山,1,"地铁11号线, 地铁12号线(南宝线)",22.527080964932757,113.91862308908836,0,深圳市地铁南山
347,深圳市地铁,地铁12号线(南宝线),12号线/南宝线,900000094862,南光,0,地铁12号线(南宝线),22.51975741565926,113.9194622584413,0,深圳市地铁南光
348,深圳市地铁,地铁12号线(南宝线),12号线/南宝线,900000094862,南油,1,"地铁9号线, 地铁12号线(南宝线)",22.51328010401352,113.92090608505681,0,深圳市地铁南油
349,深圳市地铁,地铁12号线(南宝线),12号线/南宝线,900000094862,四海,0,地铁12号线(南宝线),22.503384017024565,113.9171200242286,0,深圳市地铁四海
350,深圳市地铁,地铁12号线(南宝线),12号线/南宝线,900000094862,花果山,0,地铁12号线(南宝线),22.497400511106942,113.91418894859137,0,深圳市地铁花果山
351,深圳市地铁,地铁12号线(南宝线),12号线/南宝线,900000094862,海上世界,1,"地铁2号线(8号线), 地铁12号线(南宝线)",22.48815216437575,113.91025461604019,0,深圳市地铁海上世界
352,深圳市地铁,地铁12号线(南宝线),12号线/南宝线,900000094862,太子湾,0,地铁12号线(南宝线),22.47585895704905,113.9062607134456,0,深圳市地铁太子湾
353,深圳市地铁,地铁12号线(南宝线),12号线/南宝线,900000094862,左炮台东,0,地铁12号线(南宝线),22.472568411302795,113.89302925508134,1,深圳市地铁左炮台东
354,深圳市地铁,地铁13号线(石岩线),13号线/石岩线,900000094840,深圳湾口岸,0,地铁13号线(石岩线),22.505980389185112,113.94536832487553,1,深圳市地铁深圳湾口岸
355,深圳市地铁,地铁13号线(石岩线),13号线/石岩线,900000094840,人才公园,0,地铁13号线(石岩线),22.515095004219297,113.93825146601716,0,深圳市地铁人才公园
356,深圳市地铁,地铁13号线(石岩线),13号线/石岩线,900000094840,后海,1,"地铁11号线, 地铁2号线(8号线), 地铁13号线(石岩线)",22.521188132503205,113.9386276186471,0,深圳市地铁后海
357,深圳市地铁,地铁13号线(石岩线),13号线/石岩线,900000094840,科苑,1,"地铁2号线(8号线), 地铁13号线(石岩线)",22.530029739799264,113.94131558737487,0,深圳市地铁科苑
358,深圳市地铁,地铁13号线(石岩线),13号线/石岩线,900000094840,粤海门,1,"地铁9号线, 地铁13号线(石岩线)",22.53570671834872,113.9406521123442,0,深圳市地铁粤海门
359,深圳市地铁,地铁13号线(石岩线),13号线/石岩线,900000094840,深大,1,"地铁1号线(罗宝线), 地铁13号线(石岩线)",22.54168090691186,113.93929548643088,0,深圳市地铁深大
360,深圳市地铁,地铁13号线(石岩线),13号线/石岩线,900000094840,高新中,0,地铁13号线(石岩线),22.55002320421068,113.94043948486373,1,深圳市地铁高新中
361,深圳市地铁,地铁14号线(东部快线),14号线/东部快线,900000095033,岗厦北,1,"地铁10号线(坂田线), 地铁11号线, 地铁2号线(8号线), 地铁14号线(东部快线)",22.54102184479824,114.06284077632802,1,深圳市地铁岗厦北
362,深圳市地铁,地铁14号线(东部快线),14号线/东部快线,900000095033,黄木岗,1,"地铁7号线, 地铁14号线(东部快线)",22.558381868772535,114.08210452289146,0,深圳市地铁黄木岗
363,深圳市地铁,地铁14号线(东部快线),14号线/东部快线,900000095033,罗湖北,0,地铁14号线(东部快线),22.583432434597416,114.10790560905669,0,深圳市地铁罗湖北
364,深圳市地铁,地铁14号线(东部快线),14号线/东部快线,900000095033,布吉,1,"地铁3号线(龙岗线), 地铁5号线(环中线), 地铁14号线(东部快线)",22.605015955205428,114.11605981386103,0,深圳市地铁布吉
365,深圳市地铁,地铁14号线(东部快线),14号线/东部快线,900000095033,石芽岭,0,地铁14号线(东部快线),22.631150048997362,114.13294683351003,0,深圳市地铁石芽岭
366,深圳市地铁,地铁14号线(东部快线),14号线/东部快线,900000095033,六约北,0,地铁14号线(东部快线),22.645301824337544,114.170757425759,0,深圳市地铁六约北
367,深圳市地铁,地铁14号线(东部快线),14号线/东部快线,900000095033,四联,0,地铁14号线(东部快线),22.651219934639688,114.18793224374643,0,深圳市地铁四联
368,深圳市地铁,地铁14号线(东部快线),14号线/东部快线,900000095033,坳背,0,地铁14号线(东部快线),22.671535930110654,114.20863826946797,0,深圳市地铁坳背
369,深圳市地铁,地铁14号线(东部快线),14号线/东部快线,900000095033,大运,1,"地铁3号线(龙岗线), 地铁16号线(龙坪线), 地铁14号线(东部快线)",22.688554141590895,114.22330798027073,1,深圳市地铁大运
370,深圳市地铁,地铁14号线(东部快线),14号线/东部快线,900000095033,嶂背,0,地铁14号线(东部快线),22.695137286260927,114.24471445403387,0,深圳市地铁嶂背
371,深圳市地铁,地铁14号线(东部快线),14号线/东部快线,900000095033,南约,0,地铁14号线(东部快线),22.69093452098643,114.27324404381585,0,深圳市地铁南约
372,深圳市地铁,地铁14号线(东部快线),14号线/东部快线,900000095033,宝龙,0,地铁14号线(东部快线),22.69112662107902,114.29297866291797,0,深圳市地铁宝龙
373,深圳市地铁,地铁14号线(东部快线),14号线/东部快线,900000095033,锦龙,0,地铁14号线(东部快线),22.68292139006951,114.32894979474487,0,深圳市地铁锦龙
374,深圳市地铁,地铁14号线(东部快线),14号线/东部快线,900000095033,坪山围,1,"地铁16号线(龙坪线), 地铁14号线(东部快线)",22.69411539726325,114.33874755078018,0,深圳市地铁坪山围
375,深圳市地铁,地铁14号线(东部快线),14号线/东部快线,900000095033,坪山广场,0,地铁14号线(东部快线),22.70329298109576,114.34384281323752,0,深圳市地铁坪山广场
376,深圳市地铁,地铁14号线(东部快线),14号线/东部快线,900000095033,坪山中心,0,地铁14号线(东部快线),22.70959742986447,114.34668859216482,0,深圳市地铁坪山中心
377,深圳市地铁,地铁14号线(东部快线),14号线/东部快线,900000095033,坑梓,0,地铁14号线(东部快线),22.748043988885343,114.36600808479628,0,深圳市地铁坑梓
378,深圳市地铁,地铁14号线(东部快线),14号线/东部快线,900000095033,沙田,0,地铁14号线(东部快线),22.75878680022383,114.39563287735872,1,深圳市地铁沙田
379,深圳市地铁,地铁16号线(龙坪线),16号线/龙坪线,900000095071,大运,1,"地铁3号线(龙岗线), 地铁14号线(东部快线), 地铁16号线(龙坪线)",22.688554141590895,114.22330798027073,1,深圳市地铁大运
380,深圳市地铁,地铁16号线(龙坪线),16号线/龙坪线,900000095071,大运中心,0,地铁16号线(龙坪线),22.69806599292917,114.21592933772594,0,深圳市地铁大运中心
381,深圳市地铁,地铁16号线(龙坪线),16号线/龙坪线,900000095071,龙城公园,0,地铁16号线(龙坪线),22.707294990643625,114.21350036312792,0,深圳市地铁龙城公园
382,深圳市地铁,地铁16号线(龙坪线),16号线/龙坪线,900000095071,黄阁坑,0,地铁16号线(龙坪线),22.72189377085708,114.21326098943818,0,深圳市地铁黄阁坑
383,深圳市地铁,地铁16号线(龙坪线),16号线/龙坪线,900000095071,愉园,0,地铁16号线(龙坪线),22.731093632568175,114.21850866703373,0,深圳市地铁愉园
384,深圳市地铁,地铁16号线(龙坪线),16号线/龙坪线,900000095071,回龙埔,0,地铁16号线(龙坪线),22.732019669084007,114.23101358851875,0,深圳市地铁回龙埔
385,深圳市地铁,地铁16号线(龙坪线),16号线/龙坪线,900000095071,尚景,0,地铁16号线(龙坪线),22.73218955975923,114.23874759942194,0,深圳市地铁尚景
386,深圳市地铁,地铁16号线(龙坪线),16号线/龙坪线,900000095071,盛平,0,地铁16号线(龙坪线),22.734454481758977,114.24784872289273,0,深圳市地铁盛平
387,深圳市地铁,地铁16号线(龙坪线),16号线/龙坪线,900000095071,龙园,0,地铁16号线(龙坪线),22.733830669449336,114.26150570975518,0,深圳市地铁龙园
388,深圳市地铁,地铁16号线(龙坪线),16号线/龙坪线,900000095071,双龙,1,"地铁3号线(龙岗线), 地铁16号线(龙坪线)",22.731623307397797,114.27258877984673,0,深圳市地铁双龙
389,深圳市地铁,地铁16号线(龙坪线),16号线/龙坪线,900000095071,新塘围,0,地铁16号线(龙坪线),22.728240008474778,114.28158922437316,0,深圳市地铁新塘围
390,深圳市地铁,地铁16号线(龙坪线),16号线/龙坪线,900000095071,龙东,0,地铁16号线(龙坪线),22.72431508254407,114.29155011241072,0,深圳市地铁龙东
391,深圳市地铁,地铁16号线(龙坪线),16号线/龙坪线,900000095071,宝龙同乐,0,地铁16号线(龙坪线),22.711967697457816,114.3074100090006,0,深圳市地铁宝龙同乐
392,深圳市地铁,地铁16号线(龙坪线),16号线/龙坪线,900000095071,坪山,0,地铁16号线(龙坪线),22.70845920776569,114.32254289889971,0,深圳市地铁坪山
393,深圳市地铁,地铁16号线(龙坪线),16号线/龙坪线,900000095071,新和,0,地铁16号线(龙坪线),22.70587057603193,114.33057686250353,0,深圳市地铁新和
394,深圳市地铁,地铁16号线(龙坪线),16号线/龙坪线,900000095071,六和,0,地铁16号线(龙坪线),22.698740166951634,114.33283293457258,0,深圳市地铁六和
395,深圳市地铁,地铁16号线(龙坪线),16号线/龙坪线,900000095071,坪山围,1,"地铁14号线(东部快线), 地铁16号线(龙坪线)",22.69411539726325,114.33874755078018,0,深圳市地铁坪山围
396,深圳市地铁,地铁16号线(龙坪线),16号线/龙坪线,900000095071,坪环,0,地铁16号线(龙坪线),22.688059554032343,114.34171473340402,0,深圳市地铁坪环
397,深圳市地铁,地铁16号线(龙坪线),16号线/龙坪线,900000095071,东纵纪念馆,0,地铁16号线(龙坪线),22.68867992382188,114.35020143996255,0,深圳市地铁东纵纪念馆
398,深圳市地铁,地铁16号线(龙坪线),16号线/龙坪线,900000095071,沙壆,0,地铁16号线(龙坪线),22.689164999228627,114.3599913621986,0,深圳市地铁沙壆
399,深圳市地铁,地铁16号线(龙坪线),16号线/龙坪线,900000095071,燕子湖,0,地铁16号线(龙坪线),22.691143697626035,114.37038950754163,0,深圳市地铁燕子湖
400,深圳市地铁,地铁16号线(龙坪线),16号线/龙坪线,900000095071,石井,0,地铁16号线(龙坪线),22.694516686976588,114.37809523922874,0,深圳市地铁石井
401,深圳市地铁,地铁16号线(龙坪线),16号线/龙坪线,900000095071,技术大学,0,地铁16号线(龙坪线),22.70103229820759,114.39621583536689,0,深圳市地铁技术大学
402,深圳市地铁,地铁16号线(龙坪线),16号线/龙坪线,900000095071,田心,0,地铁16号线(龙坪线),22.696397667443893,114.4092783308295,1,深圳市地铁田心
403,深圳市地铁,地铁20号线,20号线,900000075925,机场北,1,"地铁11号线, 地铁20号线",22.65402275675199,113.79308227902548,1,深圳市地铁机场北
404,深圳市地铁,地铁20号线,20号线,900000075925,国展南,0,地铁20号线,22.68661675638397,113.7732870594863,0,深圳市地铁国展南
405,深圳市地铁,地铁20号线,20号线,900000075925,国展,1,"地铁12号线(南宝线), 地铁20号线",22.698817267505593,113.77281646359772,0,深圳市地铁国展
406,深圳市地铁,地铁20号线,20号线,900000075925,国展北,1,"地铁12号线(南宝线), 地铁20号线",22.705984379344407,113.77175622159803,0,深圳市地铁国展北
407,深圳市地铁,地铁20号线,20号线,900000075925,会展城,0,地铁20号线,22.714981944445505,113.76462277114749,1,深圳市地铁会展城
