,city,lineName,lineShortName,lineID,station,whetherTrans,transStation,lat,long
0,北京市地铁,S1线,S1线,900000069871,苹果园,1,['110100023339'],39.92439041230457,116.17278558742734
1,北京市地铁,S1线,S1线,900000069871,金安桥,1,"['110100023339', '900000159716']",39.92197200134316,116.15638073302507
2,北京市地铁,S1线,S1线,900000069871,四道桥,0,[],39.91465768348885,116.12773308771517
3,北京市地铁,S1线,S1线,900000069871,桥户营,0,[],39.91100099307157,116.11951618533074
4,北京市地铁,S1线,S1线,900000069871,上岸,0,[],39.90375268257285,116.11592682419759
5,北京市地铁,S1线,S1线,900000069871,栗园庄,0,[],39.89439609512222,116.11695876914224
6,北京市地铁,S1线,S1线,900000069871,小园,0,[],39.88907405646034,116.10813506411311
7,北京市地铁,S1线,S1线,900000069871,石厂,0,[],39.887981788931185,116.09401288346729
8,北京市地铁,地铁1号线(八通线),1号线八通线,110100023110,古城,0,[],39.90617576258305,116.18421099717719
9,北京市地铁,地铁1号线(八通线),1号线八通线,110100023110,八角游乐园,0,[],39.90620196549753,116.20661059435999
10,北京市地铁,地铁1号线(八通线),1号线八通线,110100023110,八宝山,0,[],39.90622093294935,116.22990972140519
11,北京市地铁,地铁1号线(八通线),1号线八通线,110100023110,玉泉路,0,[],39.90621711066595,116.24685917902724
12,北京市地铁,地铁1号线(八通线),1号线八通线,110100023110,五棵松,0,[],39.90622908326877,116.26794997401227
13,北京市地铁,地铁1号线(八通线),1号线八通线,110100023110,万寿路,0,[],39.90622176277187,116.2887005227396
14,北京市地铁,地铁1号线(八通线),1号线八通线,110100023110,公主坟,1,['110100023282'],39.90619159470685,116.30382541537507
15,北京市地铁,地铁1号线(八通线),1号线八通线,110100023110,军事博物馆,1,['110100023116'],39.90612318577388,116.31534011520706
16,北京市地铁,地铁1号线(八通线),1号线八通线,110100023110,木樨地,1,['900000062236'],39.90604938527762,116.33142727819772
17,北京市地铁,地铁1号线(八通线),1号线八通线,110100023110,南礼士路,0,[],39.90587740202001,116.34639482912021
18,北京市地铁,地铁1号线(八通线),1号线八通线,110100023110,复兴门,1,['110100023098'],39.90587836589652,116.35066936443873
19,北京市地铁,地铁1号线(八通线),1号线八通线,110100023110,西单,1,['110100023076'],39.90599570236026,116.36784703747026
20,北京市地铁,地铁1号线(八通线),1号线八通线,110100023110,天安门西,0,[],39.906070735601,116.3850368334985
21,北京市地铁,地铁1号线(八通线),1号线八通线,110100023110,天安门东,0,[],39.90637602254212,116.39497219021592
22,北京市地铁,地铁1号线(八通线),1号线八通线,110100023110,王府井,1,['110100023114'],39.90666677055712,116.40533020731189
23,北京市地铁,地铁1号线(八通线),1号线八通线,110100023110,东单,1,['110100023100'],39.906926606228026,116.41224458412643
24,北京市地铁,地铁1号线(八通线),1号线八通线,110100023110,建国门,1,['110100023098'],39.90712158606579,116.42959590908748
25,北京市地铁,地铁1号线(八通线),1号线八通线,110100023110,永安里,0,[],39.90710050471583,116.44432076342399
26,北京市地铁,地铁1号线(八通线),1号线八通线,110100023110,国贸,1,['110100023282'],39.907775821516466,116.45569749607971
27,北京市地铁,地铁1号线(八通线),1号线八通线,110100023110,大望路,1,['900000028907'],39.906995039414554,116.4696861683752
28,北京市地铁,地铁1号线(八通线),1号线八通线,110100023110,四惠,0,[],39.907514004594866,116.48943196712774
29,北京市地铁,地铁1号线(八通线),1号线八通线,110100023110,四惠东,0,[],39.907319999702224,116.50971604179907
30,北京市地铁,地铁1号线(八通线),1号线八通线,110100023110,高碑店,0,[],39.90831644780911,116.52552748281371
31,北京市地铁,地铁1号线(八通线),1号线八通线,110100023110,传媒大学,0,[],39.908135703517885,116.54880978297665
32,北京市地铁,地铁1号线(八通线),1号线八通线,110100023110,双桥,0,[],39.90909165745483,116.5709666936864
33,北京市地铁,地铁1号线(八通线),1号线八通线,110100023110,管庄,0,[],39.908051195354425,116.59321610566938
34,北京市地铁,地铁1号线(八通线),1号线八通线,110100023110,八里桥,0,[],39.90507291672019,116.612855144739
35,北京市地铁,地铁1号线(八通线),1号线八通线,110100023110,通州北苑,0,[],39.90279411260547,116.63141560372523
36,北京市地铁,地铁1号线(八通线),1号线八通线,110100023110,果园,0,[],39.89224489843297,116.64076390750554
37,北京市地铁,地铁1号线(八通线),1号线八通线,110100023110,九棵树,0,[],39.88917481574889,116.65164777652929
38,北京市地铁,地铁1号线(八通线),1号线八通线,110100023110,梨园,0,[],39.88255304144043,116.66280439488919
39,北京市地铁,地铁1号线(八通线),1号线八通线,110100023110,临河里,0,[],39.874353126751664,116.6728677307203
40,北京市地铁,地铁1号线(八通线),1号线八通线,110100023110,土桥,0,[],39.87076919071298,116.68038507141011
41,北京市地铁,地铁1号线(八通线),1号线八通线,110100023110,花庄,1,['110100023054'],39.85554976022756,116.68950838691354
42,北京市地铁,地铁1号线(八通线),1号线八通线,110100023110,环球度假区,1,['110100023054'],39.84801003044088,116.67315816374618
43,北京市地铁,地铁2号线,2号线,110100023098,积水潭,1,['900000079004'],39.94726508402908,116.3668970593392
44,北京市地铁,地铁2号线,2号线,110100023098,鼓楼大街,1,['110100023114'],39.94756796280904,116.38752839042444
45,北京市地铁,地铁2号线,2号线,110100023098,安定门,0,[],39.947774997893035,116.40199232133104
46,北京市地铁,地铁2号线,2号线,110100023098,雍和宫,1,['110100023100'],39.94793496526531,116.41082702847778
47,北京市地铁,地铁2号线,2号线,110100023098,东直门,1,"['110100033066', '110100023096']",39.94024527095312,116.42962776694787
48,北京市地铁,地铁2号线,2号线,110100023098,东四十条,1,['900000058113'],39.932321139948776,116.42792054851422
49,北京市地铁,地铁2号线,2号线,110100023098,朝阳门,1,['110100023339'],39.92311714501791,116.42836955037428
50,北京市地铁,地铁2号线,2号线,110100023098,建国门,1,['110100023110'],39.90712158606579,116.42959590908748
51,北京市地铁,地铁2号线,2号线,110100023098,北京站,0,[],39.903592759705006,116.42106282091744
52,北京市地铁,地铁2号线,2号线,110100023098,崇文门,1,['110100023100'],39.89966398150499,116.41085720571535
53,北京市地铁,地铁2号线,2号线,110100023098,前门,1,['110100023114'],39.89878878400714,116.39169443132049
54,北京市地铁,地铁2号线,2号线,110100023098,和平门,0,[],39.89870145285599,116.3779737360594
55,北京市地铁,地铁2号线,2号线,110100023098,宣武门,1,['110100023076'],39.89837776910662,116.36808968601086
56,北京市地铁,地铁2号线,2号线,110100023098,长椿街,0,[],39.89805983920398,116.35714750010993
57,北京市地铁,地铁2号线,2号线,110100023098,复兴门,1,['110100023110'],39.90587836589652,116.35066936443873
58,北京市地铁,地铁2号线,2号线,110100023098,阜成门,0,[],39.922323047339326,116.34981193574416
59,北京市地铁,地铁2号线,2号线,110100023098,车公庄,1,['110100023339'],39.93103639108687,116.34816207833846
60,北京市地铁,地铁2号线,2号线,110100023098,西直门,1,['110100023076'],39.93911131447149,116.34922794399
61,北京市地铁,地铁3号线,3号线,900000058113,东四十条,1,['110100023098'],39.932321139948776,116.42792054851422
62,北京市地铁,地铁3号线,3号线,900000058113,工人体育场,1,['900000073193'],39.93270333714294,116.44426839053907
63,北京市地铁,地铁3号线,3号线,900000058113,团结湖,1,['110100023282'],39.932400841970946,116.45403428061877
64,北京市地铁,地铁3号线,3号线,900000058113,朝阳公园,1,['900000028907'],39.9322059550819,116.47219994726204
65,北京市地铁,地铁3号线,3号线,900000058113,石佛营,0,[],39.93399812630096,116.49285968920722
66,北京市地铁,地铁3号线,3号线,900000058113,朝阳站,0,[],39.94256738563572,116.49977179856155
67,北京市地铁,地铁3号线,3号线,900000058113,姚家园,0,[],39.94660492822904,116.5213701074893
68,北京市地铁,地铁3号线,3号线,900000058113,东坝南,0,[],39.95104398647667,116.54127837472319
69,北京市地铁,地铁3号线,3号线,900000058113,东坝,0,[],39.96463543690189,116.54127170100746
70,北京市地铁,地铁3号线,3号线,900000058113,东坝北,1,['900000077547'],39.974555390078464,116.55123296218842
71,北京市地铁,地铁4号线大兴线,4号线大兴线,110100023076,天宫院,0,[],39.669068216475225,116.31384616858514
72,北京市地铁,地铁4号线大兴线,4号线大兴线,110100023076,生物医药基地,0,[],39.68523029921168,116.31557026827569
73,北京市地铁,地铁4号线大兴线,4号线大兴线,110100023076,义和庄,0,[],39.71110841199846,116.3129898487861
74,北京市地铁,地铁4号线大兴线,4号线大兴线,110100023076,黄村火车站,0,[],39.72166014368939,116.32648974989341
75,北京市地铁,地铁4号线大兴线,4号线大兴线,110100023076,黄村西大街,0,[],39.730462000466936,116.3265086039445
76,北京市地铁,地铁4号线大兴线,4号线大兴线,110100023076,清源路,0,[],39.74141592624967,116.32638950386094
77,北京市地铁,地铁4号线大兴线,4号线大兴线,110100023076,枣园,0,[],39.75214932173112,116.32607986771426
78,北京市地铁,地铁4号线大兴线,4号线大兴线,110100023076,高米店南,0,[],39.762180418074124,116.32548098312135
79,北京市地铁,地铁4号线大兴线,4号线大兴线,110100023076,高米店北,0,[],39.77223899466038,116.32466359736566
80,北京市地铁,地铁4号线大兴线,4号线大兴线,110100023076,西红门,0,[],39.78849454375855,116.32256837023296
81,北京市地铁,地铁4号线大兴线,4号线大兴线,110100023076,新宫,1,['900000079004'],39.81122076104181,116.35934879657242
82,北京市地铁,地铁4号线大兴线,4号线大兴线,110100023076,公益西桥,0,[],39.8347552857656,116.36458465065887
83,北京市地铁,地铁4号线大兴线,4号线大兴线,110100023076,角门西,1,['110100023282'],39.84446924399416,116.36494089956584
84,北京市地铁,地铁4号线大兴线,4号线大兴线,110100023076,马家堡,0,[],39.85172756448605,116.3651466808185
85,北京市地铁,地铁4号线大兴线,4号线大兴线,110100023076,北京南站,1,['900000028907'],39.863638667472436,116.37273743259254
86,北京市地铁,地铁4号线大兴线,4号线大兴线,110100023076,陶然亭,0,[],39.87708369955794,116.36816130176011
87,北京市地铁,地铁4号线大兴线,4号线大兴线,110100023076,菜市口,1,['110100023054'],39.88790912777704,116.36820187086536
88,北京市地铁,地铁4号线大兴线,4号线大兴线,110100023076,宣武门,1,['110100023098'],39.89837776910662,116.36808968601086
89,北京市地铁,地铁4号线大兴线,4号线大兴线,110100023076,西单,1,['110100023110'],39.90599570236026,116.36784703747026
90,北京市地铁,地铁4号线大兴线,4号线大兴线,110100023076,灵境胡同,0,[],39.914524703814735,116.36752038778715
91,北京市地铁,地铁4号线大兴线,4号线大兴线,110100023076,西四,0,[],39.92281882929023,116.36710589154784
92,北京市地铁,地铁4号线大兴线,4号线大兴线,110100023076,平安里,1,"['110100023339', '900000079004']",39.932561950195655,116.36665626576213
93,北京市地铁,地铁4号线大兴线,4号线大兴线,110100023076,新街口,0,[],39.939286056307864,116.36152201115493
94,北京市地铁,地铁4号线大兴线,4号线大兴线,110100023076,西直门,1,['110100023098'],39.93911131447149,116.34922794399
95,北京市地铁,地铁4号线大兴线,4号线大兴线,110100023076,动物园,0,[],39.93691638519677,116.33286811131013
96,北京市地铁,地铁4号线大兴线,4号线大兴线,110100023076,国家图书馆,1,"['110100023116', '900000062236']",39.941806587903315,116.31905813505695
97,北京市地铁,地铁4号线大兴线,4号线大兴线,110100023076,魏公村,0,[],39.95659977396789,116.31709076909632
98,北京市地铁,地铁4号线大兴线,4号线大兴线,110100023076,人民大学,1,['900000077547'],39.9656549490517,116.31524083659136
99,北京市地铁,地铁4号线大兴线,4号线大兴线,110100023076,海淀黄庄,1,['110100023282'],39.97470177654512,116.31144523816289
100,北京市地铁,地铁4号线大兴线,4号线大兴线,110100023076,中关村,0,[],39.982698506591944,116.31034966547355
101,北京市地铁,地铁4号线大兴线,4号线大兴线,110100023076,北京大学东门,0,[],39.990920332646034,116.30972501034435
102,北京市地铁,地铁4号线大兴线,4号线大兴线,110100023076,圆明园,0,[],39.99838037011552,116.30408028550438
103,北京市地铁,地铁4号线大兴线,4号线大兴线,110100023076,西苑,1,['900000062236'],39.99700769856149,116.2848385175282
104,北京市地铁,地铁4号线大兴线,4号线大兴线,110100023076,北宫门,0,[],40.00113871187354,116.27159458249963
105,北京市地铁,地铁4号线大兴线,4号线大兴线,110100023076,安河桥北,0,[],40.01096713405466,116.26390914494837
106,北京市地铁,地铁5号线,5号线,110100023100,宋家庄,1,"['110100023282', '110100023102']",39.84446301090066,116.4221529595234
107,北京市地铁,地铁5号线,5号线,110100023100,刘家窑,0,[],39.85612799201471,116.41589398528279
108,北京市地铁,地铁5号线,5号线,110100023100,蒲黄榆,1,['900000028907'],39.86419141725885,116.41686213341038
109,北京市地铁,地铁5号线,5号线,110100023100,天坛东门,0,[],39.88116259098293,116.41460332529164
110,北京市地铁,地铁5号线,5号线,110100023100,磁器口,1,['110100023054'],39.89177537339157,116.4137080038655
111,北京市地铁,地铁5号线,5号线,110100023100,崇文门,1,['110100023098'],39.89966398150499,116.41085720571535
112,北京市地铁,地铁5号线,5号线,110100023100,东单,1,['110100023110'],39.906926606228026,116.41224458412643
113,北京市地铁,地铁5号线,5号线,110100023100,灯市口,0,[],39.915713745059485,116.41154579545226
114,北京市地铁,地铁5号线,5号线,110100023100,东四,1,['110100023339'],39.92297024735652,116.41125460012766
115,北京市地铁,地铁5号线,5号线,110100023100,张自忠路,0,[],39.93219164918674,116.41091611601489
116,北京市地铁,地铁5号线,5号线,110100023100,北新桥,1,['110100023096'],39.93938118523576,116.41064295477918
117,北京市地铁,地铁5号线,5号线,110100023100,雍和宫,1,['110100023098'],39.94793496526531,116.41082702847778
118,北京市地铁,地铁5号线,5号线,110100023100,和平里北街,0,[],39.9573335717913,116.41226217816808
119,北京市地铁,地铁5号线,5号线,110100023100,和平西桥,1,['900000077547'],39.966856820553815,116.41172644585002
120,北京市地铁,地铁5号线,5号线,110100023100,惠新西街南口,1,['110100023282'],39.9757191722024,116.41129190686667
121,北京市地铁,地铁5号线,5号线,110100023100,惠新西街北口,0,[],39.98643340084447,116.41078107280752
122,北京市地铁,地铁5号线,5号线,110100023100,大屯路东,1,['110100023070'],40.00243795200817,116.4111283423617
123,北京市地铁,地铁5号线,5号线,110100023100,北苑路北,0,[],40.02903220547456,116.41183760547571
124,北京市地铁,地铁5号线,5号线,110100023100,立水桥南,0,[],40.04054941320983,116.40824005204082
125,北京市地铁,地铁5号线,5号线,110100023100,立水桥,1,['110100033066'],40.05162377073215,116.4060911442114
126,北京市地铁,地铁5号线,5号线,110100023100,天通苑南,0,[],40.06504912043807,116.40640062069085
127,北京市地铁,地铁5号线,5号线,110100023100,天通苑,0,[],40.07381261262741,116.40649755950007
128,北京市地铁,地铁5号线,5号线,110100023100,天通苑北,0,[],40.082258108782064,116.40662555980775
129,北京市地铁,地铁6号线,6号线,110100023339,潞城,0,[],39.901425380479985,116.741352313765
130,北京市地铁,地铁6号线,6号线,110100023339,东夏园,0,[],39.90192544534045,116.72778087053216
131,北京市地铁,地铁6号线,6号线,110100023339,郝家府,0,[],39.90198787248164,116.71178240647394
132,北京市地铁,地铁6号线,6号线,110100023339,北运河东,0,[],39.90207503967077,116.70103518989403
133,北京市地铁,地铁6号线,6号线,110100023339,北运河西,0,[],39.90186202570629,116.68238470579402
134,北京市地铁,地铁6号线,6号线,110100023339,通州北关,0,[],39.91685090042621,116.65523249678034
135,北京市地铁,地铁6号线,6号线,110100023339,物资学院路,0,[],39.925727073616024,116.63347220397537
136,北京市地铁,地铁6号线,6号线,110100023339,草房,0,[],39.923430629501745,116.60977299828912
137,北京市地铁,地铁6号线,6号线,110100023339,常营,0,[],39.924656432015006,116.5939338392862
138,北京市地铁,地铁6号线,6号线,110100023339,黄渠,0,[],39.92315340555653,116.57247241749249
139,北京市地铁,地铁6号线,6号线,110100023339,褡裢坡,0,[],39.922956637635885,116.55814850920189
140,北京市地铁,地铁6号线,6号线,110100023339,青年路,0,[],39.92199746365603,116.5114856440111
141,北京市地铁,地铁6号线,6号线,110100023339,十里堡,0,[],39.92186011895886,116.49604427119046
142,北京市地铁,地铁6号线,6号线,110100023339,金台路,1,['900000028907'],39.9222698682341,116.47202456163812
143,北京市地铁,地铁6号线,6号线,110100023339,呼家楼,1,['110100023282'],39.92200768208687,116.45547200646014
144,北京市地铁,地铁6号线,6号线,110100023339,东大桥,0,[],39.921702280301695,116.44548202401228
145,北京市地铁,地铁6号线,6号线,110100023339,朝阳门,1,['110100023098'],39.92311714501791,116.42836955037428
146,北京市地铁,地铁6号线,6号线,110100023339,东四,1,['110100023100'],39.92297024735652,116.41125460012766
147,北京市地铁,地铁6号线,6号线,110100023339,南锣鼓巷,1,['110100023114'],39.93244295437595,116.39794512767475
148,北京市地铁,地铁6号线,6号线,110100023339,北海北,0,[],39.931847193771574,116.38058738264638
149,北京市地铁,地铁6号线,6号线,110100023339,平安里,1,"['110100023076', '900000079004']",39.932561950195655,116.36665626576213
150,北京市地铁,地铁6号线,6号线,110100023339,车公庄,1,['110100023098'],39.93103639108687,116.34816207833846
151,北京市地铁,地铁6号线,6号线,110100023339,车公庄西,0,[],39.93112328428844,116.3379086148017
152,北京市地铁,地铁6号线,6号线,110100023339,二里沟,1,['900000062236'],39.931086703697304,116.32755096036081
153,北京市地铁,地铁6号线,6号线,110100023339,白石桥南,1,['110100023116'],39.931714051848715,116.3195482844229
154,北京市地铁,地铁6号线,6号线,110100023339,花园桥,0,[],39.93106018352954,116.30458468738003
155,北京市地铁,地铁6号线,6号线,110100023339,慈寿寺,1,['110100023282'],39.9320136256538,116.28939809589622
156,北京市地铁,地铁6号线,6号线,110100023339,海淀五路居,0,[],39.93135364184071,116.27048843574052
157,北京市地铁,地铁6号线,6号线,110100023339,田村,0,[],39.92828618319092,116.246882439933
158,北京市地铁,地铁6号线,6号线,110100023339,廖公庄,0,[],39.93119619511711,116.22124035010536
159,北京市地铁,地铁6号线,6号线,110100023339,西黄村,0,[],39.93235614986962,116.20084323597962
160,北京市地铁,地铁6号线,6号线,110100023339,杨庄,0,[],39.926569025334395,116.1808665257818
161,北京市地铁,地铁6号线,6号线,110100023339,苹果园,1,['900000069871'],39.92439041230457,116.17278558742734
162,北京市地铁,地铁6号线,6号线,110100023339,金安桥,1,"['900000069871', '900000159716']",39.92197200134316,116.15638073302507
163,北京市地铁,地铁7号线,7号线,110100023054,环球度假区,1,['110100023110'],39.84801003044088,116.67315816374618
164,北京市地铁,地铁7号线,7号线,110100023054,花庄,1,['110100023110'],39.85554976022756,116.68950838691354
165,北京市地铁,地铁7号线,7号线,110100023054,高楼金,0,[],39.862001373553746,116.67838272317876
166,北京市地铁,地铁7号线,7号线,110100023054,群芳,0,[],39.86238810857925,116.66487299117907
167,北京市地铁,地铁7号线,7号线,110100023054,万盛东,0,[],39.862389457703514,116.65149747523469
168,北京市地铁,地铁7号线,7号线,110100023054,万盛西,0,[],39.862267164979656,116.626339225956
169,北京市地铁,地铁7号线,7号线,110100023054,黑庄户,0,[],39.85768866030103,116.59333915796446
170,北京市地铁,地铁7号线,7号线,110100023054,郎辛庄,0,[],39.85544282112358,116.56403088910174
171,北京市地铁,地铁7号线,7号线,110100023054,黄厂,0,[],39.84790109688421,116.54793511811395
172,北京市地铁,地铁7号线,7号线,110100023054,焦化厂,0,[],39.85437379287125,116.53137832072647
173,北京市地铁,地铁7号线,7号线,110100023054,双合,0,[],39.858549731053756,116.52093341140969
174,北京市地铁,地铁7号线,7号线,110100023054,垡头,0,[],39.859544122307845,116.5058647869635
175,北京市地铁,地铁7号线,7号线,110100023054,欢乐谷景区,0,[],39.865285829524076,116.49406576402225
176,北京市地铁,地铁7号线,7号线,110100023054,南楼梓庄,0,[],39.87336145355129,116.49508563225508
177,北京市地铁,地铁7号线,7号线,110100023054,化工,0,[],39.88615887017304,116.49744799418785
178,北京市地铁,地铁7号线,7号线,110100023054,百子湾,0,[],39.89130264733576,116.4917547832623
179,北京市地铁,地铁7号线,7号线,110100023054,大郊亭,0,[],39.891926405893976,116.48188446870442
180,北京市地铁,地铁7号线,7号线,110100023054,九龙山,1,['900000028907'],39.891927335151294,116.47279511222067
181,北京市地铁,地铁7号线,7号线,110100023054,双井,1,['110100023282'],39.89218450271144,116.4556924401
182,北京市地铁,地铁7号线,7号线,110100023054,广渠门外,0,[],39.89229214579374,116.44281970996923
183,北京市地铁,地铁7号线,7号线,110100023054,广渠门内,0,[],39.89229149198591,116.42766515952043
184,北京市地铁,地铁7号线,7号线,110100023054,磁器口,1,['110100023100'],39.89177537339157,116.4137080038655
185,北京市地铁,地铁7号线,7号线,110100023054,桥湾,0,[],39.89132242939945,116.40222361367059
186,北京市地铁,地铁7号线,7号线,110100023054,珠市口,1,['110100023114'],39.889931106366724,116.3921304901228
187,北京市地铁,地铁7号线,7号线,110100023054,虎坊桥,0,[],39.88808964991263,116.37836175176658
188,北京市地铁,地铁7号线,7号线,110100023054,菜市口,1,['110100023076'],39.88790912777704,116.36820187086536
189,北京市地铁,地铁7号线,7号线,110100023054,广安门内,0,[],39.88805300009125,116.35204201198763
190,北京市地铁,地铁7号线,7号线,110100023054,达官营,1,['900000062236'],39.88857291042324,116.32945896625962
191,北京市地铁,地铁7号线,7号线,110100023054,湾子,0,[],39.88864393142258,116.32162195153082
192,北京市地铁,地铁7号线,7号线,110100023054,北京西站,1,['110100023116'],39.8934082122841,116.31510125668203
193,北京市地铁,地铁8号线,8号线,110100023114,瀛海,0,[],39.75936645905066,116.44282044323093
194,北京市地铁,地铁8号线,8号线,110100023114,德茂,0,[],39.771287387782785,116.43528587823864
195,北京市地铁,地铁8号线,8号线,110100023114,五福堂,0,[],39.78365979085709,116.41768937984607
196,北京市地铁,地铁8号线,8号线,110100023114,火箭万源,0,[],39.797895161994305,116.41240558716255
197,北京市地铁,地铁8号线,8号线,110100023114,东高地,0,[],39.80367699034879,116.40319818071613
198,北京市地铁,地铁8号线,8号线,110100023114,和义,0,[],39.81343921042422,116.39584104213138
199,北京市地铁,地铁8号线,8号线,110100023114,大红门南,0,[],39.83531475356632,116.39481023690523
200,北京市地铁,地铁8号线,8号线,110100023114,海户屯,0,[],39.85040389357625,116.39406433576286
201,北京市地铁,地铁8号线,8号线,110100023114,木樨园,0,[],39.857860519093265,116.39360141329692
202,北京市地铁,地铁8号线,8号线,110100023114,永定门外,1,['900000028907'],39.86603313533784,116.3931304118164
203,北京市地铁,地铁8号线,8号线,110100023114,天桥,0,[],39.88051749744133,116.3924716417333
204,北京市地铁,地铁8号线,8号线,110100023114,珠市口,1,['110100023054'],39.889931106366724,116.3921304901228
205,北京市地铁,地铁8号线,8号线,110100023114,前门,1,['110100023098'],39.89878878400714,116.39169443132049
206,北京市地铁,地铁8号线,8号线,110100023114,王府井,1,['110100023110'],39.90666677055712,116.40533020731189
207,北京市地铁,地铁8号线,8号线,110100023114,金鱼胡同,0,[],39.913984302532455,116.40493604811167
208,北京市地铁,地铁8号线,8号线,110100023114,中国美术馆,0,[],39.92230181435675,116.4045597795354
209,北京市地铁,地铁8号线,8号线,110100023114,南锣鼓巷,1,['110100023339'],39.93244295437595,116.39794512767475
210,北京市地铁,地铁8号线,8号线,110100023114,什刹海,0,[],39.93617861989364,116.38997203807754
211,北京市地铁,地铁8号线,8号线,110100023114,鼓楼大街,1,['110100023098'],39.94756796280904,116.38752839042444
212,北京市地铁,地铁8号线,8号线,110100023114,安德里北街,0,[],39.95582216062693,116.38889584495153
213,北京市地铁,地铁8号线,8号线,110100023114,安华桥,1,['900000077547'],39.967248044384355,116.38790872856302
214,北京市地铁,地铁8号线,8号线,110100023114,北土城,1,['110100023282'],39.97554770067785,116.38794165475132
215,北京市地铁,地铁8号线,8号线,110100023114,奥体中心,0,[],39.98443150001578,116.38750668541837
216,北京市地铁,地铁8号线,8号线,110100023114,奥林匹克公园,1,['110100023070'],40.00080165012995,116.38550448781412
217,北京市地铁,地铁8号线,8号线,110100023114,森林公园南门,0,[],40.008715929419665,116.38634507159942
218,北京市地铁,地铁8号线,8号线,110100023114,林萃桥,0,[],40.02051517425475,116.36675988680211
219,北京市地铁,地铁8号线,8号线,110100023114,永泰庄,0,[],40.036362541026556,116.34837124490004
220,北京市地铁,地铁8号线,8号线,110100023114,西小口,0,[],40.04551197720849,116.34544000982298
221,北京市地铁,地铁8号线,8号线,110100023114,育新,0,[],40.05868474492118,116.34113139194957
222,北京市地铁,地铁8号线,8号线,110100023114,霍营,1,['110100033066'],40.070480555306155,116.35406199925575
223,北京市地铁,地铁8号线,8号线,110100023114,回龙观东大街,0,[],40.07979388136684,116.35679491732293
224,北京市地铁,地铁8号线,8号线,110100023114,平西府,0,[],40.089245338880836,116.34421795469251
225,北京市地铁,地铁8号线,8号线,110100023114,育知路,0,[],40.08654506523563,116.32083771309478
226,北京市地铁,地铁8号线,8号线,110100023114,朱辛庄,1,['110100023118'],40.103002974565776,116.30757156527208
227,北京市地铁,地铁9号线,9号线,110100023116,郭公庄,1,['110100023092'],39.813063718278904,116.29582320695053
228,北京市地铁,地铁9号线,9号线,110100023116,丰台科技园,0,[],39.823981531131516,116.29111756326837
229,北京市地铁,地铁9号线,9号线,110100023116,科怡路,0,[],39.83122764406008,116.29137220487735
230,北京市地铁,地铁9号线,9号线,110100023116,丰台南路,1,['900000062236'],39.839854462148566,116.29049269348828
231,北京市地铁,地铁9号线,9号线,110100023116,丰台东大街,0,[],39.85386271031147,116.28780058389026
232,北京市地铁,地铁9号线,9号线,110100023116,七里庄,1,['900000028907'],39.86573140816508,116.28823437218706
233,北京市地铁,地铁9号线,9号线,110100023116,六里桥,1,['110100023282'],39.87897520426157,116.29673221903973
234,北京市地铁,地铁9号线,9号线,110100023116,六里桥东,0,[],39.88560000063527,116.30903977378861
235,北京市地铁,地铁9号线,9号线,110100023116,北京西站,1,['110100023054'],39.8934082122841,116.31510125668203
236,北京市地铁,地铁9号线,9号线,110100023116,军事博物馆,1,['110100023110'],39.90612318577388,116.31534011520706
237,北京市地铁,地铁9号线,9号线,110100023116,白堆子,0,[],39.92251026941711,116.3196312551008
238,北京市地铁,地铁9号线,9号线,110100023116,白石桥南,1,['110100023339'],39.931714051848715,116.3195482844229
239,北京市地铁,地铁9号线,9号线,110100023116,国家图书馆,1,"['110100023076', '900000062236']",39.941806587903315,116.31905813505695
240,北京市地铁,地铁10号线,10号线,110100023282,巴沟,1,['110100023060'],39.973161152348524,116.28728653159045
241,北京市地铁,地铁10号线,10号线,110100023282,苏州街,1,['900000062236'],39.97436817315421,116.3002372820655
242,北京市地铁,地铁10号线,10号线,110100023282,海淀黄庄,1,['110100023076'],39.97470177654512,116.31144523816289
243,北京市地铁,地铁10号线,10号线,110100023282,知春里,0,[],39.975018521707284,116.32256487546097
244,北京市地铁,地铁10号线,10号线,110100023282,知春路,1,['110100033066'],39.97513913544886,116.33379018800018
245,北京市地铁,地铁10号线,10号线,110100023282,西土城,1,['110100023118'],39.97500971723079,116.34811358104061
246,北京市地铁,地铁10号线,10号线,110100023282,牡丹园,1,['900000079004'],39.97521792842419,116.36361620291518
247,北京市地铁,地铁10号线,10号线,110100023282,健德门,0,[],39.97532564777234,116.37511065962653
248,北京市地铁,地铁10号线,10号线,110100023282,北土城,1,['110100023114'],39.97554770067785,116.38794165475132
249,北京市地铁,地铁10号线,10号线,110100023282,安贞门,0,[],39.9755984361305,116.39970200166867
250,北京市地铁,地铁10号线,10号线,110100023282,惠新西街南口,1,['110100023100'],39.9757191722024,116.41129190686667
251,北京市地铁,地铁10号线,10号线,110100023282,芍药居,1,['110100033066'],39.97625394832112,116.42969532102627
252,北京市地铁,地铁10号线,10号线,110100023282,太阳宫,1,['900000073193'],39.972396492410965,116.4421268016042
253,北京市地铁,地铁10号线,10号线,110100023282,三元桥,1,"['900000077547', '110100023096']",39.96016635808502,116.45083221847719
254,北京市地铁,地铁10号线,10号线,110100023282,亮马桥,0,[],39.948085056022684,116.45564526099457
255,北京市地铁,地铁10号线,10号线,110100023282,农业展览馆,0,[],39.940014207673855,116.45557606260265
256,北京市地铁,地铁10号线,10号线,110100023282,团结湖,1,['900000058113'],39.932400841970946,116.45403428061877
257,北京市地铁,地铁10号线,10号线,110100023282,呼家楼,1,['110100023339'],39.92200768208687,116.45547200646014
258,北京市地铁,地铁10号线,10号线,110100023282,金台夕照,0,[],39.91550925454198,116.45559821532098
259,北京市地铁,地铁10号线,10号线,110100023282,国贸,1,['110100023110'],39.907775821516466,116.45569749607971
260,北京市地铁,地铁10号线,10号线,110100023282,双井,1,['110100023054'],39.89218450271144,116.4556924401
261,北京市地铁,地铁10号线,10号线,110100023282,劲松,0,[],39.8830587106386,116.45518300963145
262,北京市地铁,地铁10号线,10号线,110100023282,潘家园,0,[],39.874058202831264,116.45478391148188
263,北京市地铁,地铁10号线,10号线,110100023282,十里河,1,"['900000028907', '900000099933']",39.86480007076276,116.45195353257472
264,北京市地铁,地铁10号线,10号线,110100023282,分钟寺,0,[],39.85088363238416,116.44781636391546
265,北京市地铁,地铁10号线,10号线,110100023282,成寿寺,0,[],39.84451778728959,116.4413550083642
266,北京市地铁,地铁10号线,10号线,110100023282,宋家庄,1,"['110100023100', '110100023102']",39.84446301090066,116.4221529595234
267,北京市地铁,地铁10号线,10号线,110100023282,石榴庄,0,[],39.84450709301543,116.40787178692065
268,北京市地铁,地铁10号线,10号线,110100023282,大红门,0,[],39.84398241678415,116.39291823876111
269,北京市地铁,地铁10号线,10号线,110100023282,角门东,0,[],39.84374025463422,116.37941951616642
270,北京市地铁,地铁10号线,10号线,110100023282,角门西,1,['110100023076'],39.84446924399416,116.36494089956584
271,北京市地铁,地铁10号线,10号线,110100023282,草桥,1,"['900000079004', '900000076659']",39.844517556329244,116.34520902949602
272,北京市地铁,地铁10号线,10号线,110100023282,纪家庙,0,[],39.8431145774105,116.32724276903676
273,北京市地铁,地铁10号线,10号线,110100023282,首经贸,1,['110100023092'],39.84316978998261,116.31409384572936
274,北京市地铁,地铁10号线,10号线,110100023282,丰台站,1,['900000062236'],39.84898395461619,116.29842564104625
275,北京市地铁,地铁10号线,10号线,110100023282,泥洼,0,[],39.85734403465741,116.29809724689484
276,北京市地铁,地铁10号线,10号线,110100023282,西局,1,['900000028907'],39.865410708700175,116.29802937243944
277,北京市地铁,地铁10号线,10号线,110100023282,六里桥,1,['110100023116'],39.87897520426157,116.29673221903973
278,北京市地铁,地铁10号线,10号线,110100023282,莲花桥,0,[],39.896589252515746,116.30425371612108
279,北京市地铁,地铁10号线,10号线,110100023282,公主坟,1,['110100023110'],39.90619159470685,116.30382541537507
280,北京市地铁,地铁10号线,10号线,110100023282,西钓鱼台,0,[],39.92222299675157,116.29199172097034
281,北京市地铁,地铁10号线,10号线,110100023282,慈寿寺,1,['110100023339'],39.9320136256538,116.28939809589622
282,北京市地铁,地铁10号线,10号线,110100023282,车道沟,0,[],39.94667051841494,116.28775007420042
283,北京市地铁,地铁10号线,10号线,110100023282,长春桥,1,['900000077547'],39.95727345097631,116.28818501260191
284,北京市地铁,地铁10号线,10号线,110100023282,火器营,0,[],39.96469157541146,116.2829954186485
285,北京市地铁,地铁11号线,11号线,900000159716,模式口,0,[],39.93203093204189,116.14992366635839
286,北京市地铁,地铁11号线,11号线,900000159716,金安桥,1,"['900000069871', '110100023339']",39.92197200134316,116.15638073302507
287,北京市地铁,地铁11号线,11号线,900000159716,北辛安,0,[],39.9141343347954,116.15855681191125
288,北京市地铁,地铁11号线,11号线,900000159716,新首钢,0,[],39.90828867810538,116.15860869535234
289,北京市地铁,地铁12号线,12号线,900000077547,东坝北,1,['900000058113'],39.974555390078464,116.55123296218842
290,北京市地铁,地铁12号线,12号线,900000077547,东坝西,0,[],39.97314411814972,116.52877986677203
291,北京市地铁,地铁12号线,12号线,900000077547,驼房营,0,[],39.97923152905456,116.4996337429727
292,北京市地铁,地铁12号线,12号线,900000077547,高家园,0,[],39.97912347975354,116.48550421151153
293,北京市地铁,地铁12号线,12号线,900000077547,将台西,0,[],39.97138033782184,116.47395536626192
294,北京市地铁,地铁12号线,12号线,900000077547,三元桥,1,"['110100023282', '110100023096']",39.96016635808502,116.45083221847719
295,北京市地铁,地铁12号线,12号线,900000077547,西坝河,1,['900000073193'],39.96442634623776,116.43590585360026
296,北京市地铁,地铁12号线,12号线,900000077547,光熙门,1,['110100033066'],39.96694955934198,116.42553589892022
297,北京市地铁,地铁12号线,12号线,900000077547,和平西桥,1,['110100023100'],39.966856820553815,116.41172644585002
298,北京市地铁,地铁12号线,12号线,900000077547,安贞桥,0,[],39.96750598463388,116.40096842261104
299,北京市地铁,地铁12号线,12号线,900000077547,安华桥,1,['110100023114'],39.967248044384355,116.38790872856302
300,北京市地铁,地铁12号线,12号线,900000077547,马甸桥,0,[],39.96686325331957,116.37597188696928
301,北京市地铁,地铁12号线,12号线,900000077547,北太平庄,1,['900000079004'],39.96649703459885,116.36381002619302
302,北京市地铁,地铁12号线,12号线,900000077547,蓟门桥,1,['110100023118'],39.966382354143676,116.34976741788722
303,北京市地铁,地铁12号线,12号线,900000077547,大钟寺,1,['110100033066'],39.96526601520118,116.33895898441108
304,北京市地铁,地铁12号线,12号线,900000077547,人民大学,1,['110100023076'],39.9656549490517,116.31524083659136
305,北京市地铁,地铁12号线,12号线,900000077547,苏州桥,1,['900000062236'],39.961038079181925,116.30173488868853
306,北京市地铁,地铁12号线,12号线,900000077547,长春桥,1,['110100023282'],39.95727345097631,116.28818501260191
307,北京市地铁,地铁12号线,12号线,900000077547,蓝靛厂,0,[],39.955879123581866,116.27654049923518
308,北京市地铁,地铁12号线,12号线,900000077547,四季青桥,0,[],39.94118545677099,116.26815143914077
309,北京市地铁,地铁13号线,13号线,110100033066,西直门,1,"['110100023098', '110100023076']",39.93911131447149,116.34922794399
310,北京市地铁,地铁13号线,13号线,110100033066,大钟寺,1,['900000077547'],39.96526601520118,116.33895898441108
311,北京市地铁,地铁13号线,13号线,110100033066,知春路,1,['110100023282'],39.97513913544886,116.33379018800018
312,北京市地铁,地铁13号线,13号线,110100033066,五道口,0,[],39.99156062095873,116.33157511006638
313,北京市地铁,地铁13号线,13号线,110100033066,上地,0,[],40.03170530569177,116.31406116140755
314,北京市地铁,地铁13号线,13号线,110100033066,清河站,1,['110100023118'],40.03987170109093,116.30883977893387
315,北京市地铁,地铁13号线,13号线,110100033066,西二旗,1,['110100023118'],40.05175665058048,116.30019062976434
316,北京市地铁,地铁13号线,13号线,110100033066,龙泽,0,[],40.06957962911141,116.31329409703577
317,北京市地铁,地铁13号线,13号线,110100033066,回龙观,0,[],40.06946575257702,116.32994292551871
318,北京市地铁,地铁13号线,13号线,110100033066,霍营,1,['110100023114'],40.070480555306155,116.35406199925575
319,北京市地铁,地铁13号线,13号线,110100033066,立水桥,1,['110100023100'],40.05162377073215,116.4060911442114
320,北京市地铁,地铁13号线,13号线,110100033066,北苑,0,[],40.041609964557544,116.42828831688426
321,北京市地铁,地铁13号线,13号线,110100033066,望京西,1,['110100023070'],39.99436571356916,116.44369507481562
322,北京市地铁,地铁13号线,13号线,110100033066,芍药居,1,['110100023282'],39.97625394832112,116.42969532102627
323,北京市地铁,地铁13号线,13号线,110100033066,光熙门,1,['900000077547'],39.96694955934198,116.42553589892022
324,北京市地铁,地铁13号线,13号线,110100033066,柳芳,0,[],39.95677123809042,116.42650588508272
325,北京市地铁,地铁13号线,13号线,110100033066,东直门,1,"['110100023098', '110100023096']",39.94024527095312,116.42962776694787
326,北京市地铁,地铁14号线,14号线,900000028907,善各庄,0,[],40.02586976328372,116.47209182530148
327,北京市地铁,地铁14号线,14号线,900000028907,来广营,0,[],40.0191100246673,116.46085797962651
328,北京市地铁,地铁14号线,14号线,900000028907,东湖渠,0,[],40.00924754206578,116.46127660110969
329,北京市地铁,地铁14号线,14号线,900000028907,望京,1,['110100023070'],39.99720823485957,116.463278782565
330,北京市地铁,地铁14号线,14号线,900000028907,阜通,0,[],39.99052815500126,116.46542188673315
331,北京市地铁,地铁14号线,14号线,900000028907,望京南,0,[],39.98339207354202,116.47579555362935
332,北京市地铁,地铁14号线,14号线,900000028907,将台,0,[],39.96977289169434,116.48416131707428
333,北京市地铁,地铁14号线,14号线,900000028907,东风北桥,0,[],39.95710978896227,116.4798527856106
334,北京市地铁,地铁14号线,14号线,900000028907,枣营,0,[],39.9428362644836,116.46884271879745
335,北京市地铁,地铁14号线,14号线,900000028907,朝阳公园,1,['900000058113'],39.9322059550819,116.47219994726204
336,北京市地铁,地铁14号线,14号线,900000028907,金台路,1,['110100023339'],39.9222698682341,116.47202456163812
337,北京市地铁,地铁14号线,14号线,900000028907,大望路,1,['110100023110'],39.906995039414554,116.4696861683752
338,北京市地铁,地铁14号线,14号线,900000028907,九龙山,1,['110100023054'],39.891927335151294,116.47279511222067
339,北京市地铁,地铁14号线,14号线,900000028907,平乐园,0,[],39.8839883124156,116.47121846757786
340,北京市地铁,地铁14号线,14号线,900000028907,北工大西门,0,[],39.87400773729061,116.4711946282365
341,北京市地铁,地铁14号线,14号线,900000028907,十里河,1,"['110100023282', '900000099933']",39.86480007076276,116.45195353257472
342,北京市地铁,地铁14号线,14号线,900000028907,方庄,0,[],39.864493564520565,116.43404841380008
343,北京市地铁,地铁14号线,14号线,900000028907,蒲黄榆,1,['110100023100'],39.86419141725885,116.41686213341038
344,北京市地铁,地铁14号线,14号线,900000028907,景泰,0,[],39.863849618192674,116.40479034934404
345,北京市地铁,地铁14号线,14号线,900000028907,永定门外,1,['110100023114'],39.86603313533784,116.3931304118164
346,北京市地铁,地铁14号线,14号线,900000028907,北京南站,1,['110100023076'],39.863638667472436,116.37273743259254
347,北京市地铁,地铁14号线,14号线,900000028907,景风门,1,['900000079004'],39.86125589739572,116.3598256656699
348,北京市地铁,地铁14号线,14号线,900000028907,西铁营,0,[],39.859998067050604,116.34976393889481
349,北京市地铁,地铁14号线,14号线,900000028907,菜户营,0,[],39.866290229033325,116.33628240814758
350,北京市地铁,地铁14号线,14号线,900000028907,丽泽商务区,0,[],39.86640229631295,116.32513168178929
351,北京市地铁,地铁14号线,14号线,900000028907,东管头,0,[],39.86627358903926,116.31508370807128
352,北京市地铁,地铁14号线,14号线,900000028907,西局,1,['110100023282'],39.865410708700175,116.29802937243944
353,北京市地铁,地铁14号线,14号线,900000028907,七里庄,1,['110100023116'],39.86573140816508,116.28823437218706
354,北京市地铁,地铁14号线,14号线,900000028907,大井,0,[],39.86399917857448,116.27002727775941
355,北京市地铁,地铁14号线,14号线,900000028907,郭庄子,0,[],39.86362713554319,116.24704448715781
356,北京市地铁,地铁14号线,14号线,900000028907,大瓦窑,0,[],39.85825517918676,116.23445161024866
357,北京市地铁,地铁14号线,14号线,900000028907,园博园,0,[],39.8600746446744,116.19555118285663
358,北京市地铁,地铁14号线,14号线,900000028907,张郭庄,0,[],39.856822633686804,116.18106479547873
359,北京市地铁,地铁15号线,15号线,110100023070,俸伯,0,[],40.13140520799049,116.67874015584985
360,北京市地铁,地铁15号线,15号线,110100023070,顺义,0,[],40.12887893891736,116.65110963971745
361,北京市地铁,地铁15号线,15号线,110100023070,石门,0,[],40.12871412575173,116.63524417359955
362,北京市地铁,地铁15号线,15号线,110100023070,南法信,0,[],40.12742429335687,116.60371571769667
363,北京市地铁,地铁15号线,15号线,110100023070,后沙峪,0,[],40.11305310170009,116.55837575139007
364,北京市地铁,地铁15号线,15号线,110100023070,花梨坎,0,[],40.08335374450072,116.5517487711667
365,北京市地铁,地铁15号线,15号线,110100023070,国展,0,[],40.06894428796309,116.54927923531045
366,北京市地铁,地铁15号线,15号线,110100023070,孙河,0,[],40.04398396740655,116.52880024640415
367,北京市地铁,地铁15号线,15号线,110100023070,马泉营,0,[],40.032504735469885,116.49747096244634
368,北京市地铁,地铁15号线,15号线,110100023070,崔各庄,0,[],40.020953867317345,116.48692034942772
369,北京市地铁,地铁15号线,15号线,110100023070,望京东,0,[],40.0019364171584,116.48103759971296
370,北京市地铁,地铁15号线,15号线,110100023070,望京,1,['900000028907'],39.99720823485957,116.463278782565
371,北京市地铁,地铁15号线,15号线,110100023070,望京西,1,['110100033066'],39.99436571356916,116.44369507481562
372,北京市地铁,地铁15号线,15号线,110100023070,关庄,0,[],39.99974416858079,116.42471633141322
373,北京市地铁,地铁15号线,15号线,110100023070,大屯路东,1,['110100023100'],40.00243795200817,116.4111283423617
374,北京市地铁,地铁15号线,15号线,110100023070,安立路,0,[],40.00121173411933,116.4015903347542
375,北京市地铁,地铁15号线,15号线,110100023070,奥林匹克公园,1,['110100023114'],40.00080165012995,116.38550448781412
376,北京市地铁,地铁15号线,15号线,110100023070,北沙滩,0,[],40.00010807543932,116.36191463175562
377,北京市地铁,地铁15号线,15号线,110100023070,六道口,1,['110100023118'],39.99868334627761,116.3465497130166
378,北京市地铁,地铁15号线,15号线,110100023070,清华东路西口,0,[],39.999335937003636,116.33335808873693
379,北京市地铁,地铁16号线,16号线,900000062236,北安河,0,[],40.06674429261263,116.12412411155152
380,北京市地铁,地铁16号线,16号线,900000062236,温阳路,0,[],40.06718118732085,116.15513384426846
381,北京市地铁,地铁16号线,16号线,900000062236,稻香湖路,0,[],40.06765064478916,116.18199280233311
382,北京市地铁,地铁16号线,16号线,900000062236,屯佃,0,[],40.06721059065479,116.20976257458543
383,北京市地铁,地铁16号线,16号线,900000062236,永丰,0,[],40.0706426322727,116.23242453360128
384,北京市地铁,地铁16号线,16号线,900000062236,永丰南,0,[],40.064352242027084,116.24210427497277
385,北京市地铁,地铁16号线,16号线,900000062236,西北旺,0,[],40.047479868402355,116.25187660489084
386,北京市地铁,地铁16号线,16号线,900000062236,马连洼,0,[],40.031406104584796,116.26646862563511
387,北京市地铁,地铁16号线,16号线,900000062236,农大南路,0,[],40.02015780267894,116.27621187114161
388,北京市地铁,地铁16号线,16号线,900000062236,西苑,1,['110100023076'],39.99700769856149,116.2848385175282
389,北京市地铁,地铁16号线,16号线,900000062236,万泉河桥,0,[],39.98380318489749,116.29407316013501
390,北京市地铁,地铁16号线,16号线,900000062236,苏州街,1,['110100023282'],39.97436817315421,116.3002372820655
391,北京市地铁,地铁16号线,16号线,900000062236,苏州桥,1,['900000077547'],39.961038079181925,116.30173488868853
392,北京市地铁,地铁16号线,16号线,900000062236,万寿寺,0,[],39.946493968524656,116.30380539587887
393,北京市地铁,地铁16号线,16号线,900000062236,国家图书馆,1,"['110100023076', '110100023116']",39.941806587903315,116.31905813505695
394,北京市地铁,地铁16号线,16号线,900000062236,二里沟,1,['110100023339'],39.931086703697304,116.32755096036081
395,北京市地铁,地铁16号线,16号线,900000062236,甘家口,0,[],39.922067484150276,116.32838319347306
396,北京市地铁,地铁16号线,16号线,900000062236,玉渊潭东门,0,[],39.912717852440004,116.32839634516432
397,北京市地铁,地铁16号线,16号线,900000062236,木樨地,1,['110100023110'],39.90604938527762,116.33142727819772
398,北京市地铁,地铁16号线,16号线,900000062236,达官营,1,['110100023054'],39.88857291042324,116.32945896625962
399,北京市地铁,地铁16号线,16号线,900000062236,红莲南路,0,[],39.87620650260433,116.33051811414435
400,北京市地铁,地铁16号线,16号线,900000062236,东管头南,1,['110100023092'],39.85433855471856,116.31701681663685
401,北京市地铁,地铁16号线,16号线,900000062236,丰台站,1,['110100023282'],39.84898395461619,116.29842564104625
402,北京市地铁,地铁16号线,16号线,900000062236,丰台南路,1,['110100023116'],39.839854462148566,116.29049269348828
403,北京市地铁,地铁16号线,16号线,900000062236,富丰桥,0,[],39.83499038586631,116.28097957381239
404,北京市地铁,地铁16号线,16号线,900000062236,看丹,0,[],39.83368818174155,116.26649223804691
405,北京市地铁,地铁16号线,16号线,900000062236,榆树庄,0,[],39.837528180933866,116.25294357323625
406,北京市地铁,地铁16号线,16号线,900000062236,洪泰庄,0,[],39.84732531097091,116.24329869213898
407,北京市地铁,地铁16号线,16号线,900000062236,宛平城,0,[],39.8478359304198,116.22353275845482
408,北京市地铁,地铁17号线,17号线,900000099933,十里河,1,"['110100023282', '900000028907']",39.86480007076276,116.45195353257472
409,北京市地铁,地铁17号线,17号线,900000099933,周家庄,0,[],39.855418179193165,116.47027267833117
410,北京市地铁,地铁17号线,17号线,900000099933,十八里店,0,[],39.84306946854113,116.48983246090779
411,北京市地铁,地铁17号线,17号线,900000099933,北神树,0,[],39.81758616285892,116.54692947798829
412,北京市地铁,地铁17号线,17号线,900000099933,次渠北,0,[],39.808347328371276,116.57088878507695
413,北京市地铁,地铁17号线,17号线,900000099933,次渠,1,['110100023102'],39.80251665050204,116.58579070512673
414,北京市地铁,地铁17号线,17号线,900000099933,嘉会湖,0,[],39.791503785050594,116.60449882064508
415,北京市地铁,地铁17号线北段,17号线北段,900000073193,未来科学城北,0,[],40.12897001432844,116.46290991231643
416,北京市地铁,地铁17号线北段,17号线北段,900000073193,未来科学城,0,[],40.114301594188326,116.46068438016442
417,北京市地铁,地铁17号线北段,17号线北段,900000073193,天通苑东,0,[],40.06749681243607,116.43611922591273
418,北京市地铁,地铁17号线北段,17号线北段,900000073193,清河营,0,[],40.049408470741334,116.43588700558426
419,北京市地铁,地铁17号线北段,17号线北段,900000073193,红军营,0,[],40.03234684726102,116.43558349580859
420,北京市地铁,地铁17号线北段,17号线北段,900000073193,太阳宫,1,['110100023282'],39.972396492410965,116.4421268016042
421,北京市地铁,地铁17号线北段,17号线北段,900000073193,西坝河,1,['900000077547'],39.96442634623776,116.43590585360026
422,北京市地铁,地铁17号线北段,17号线北段,900000073193,左家庄,0,[],39.948598032372786,116.4365192534079
423,北京市地铁,地铁17号线北段,17号线北段,900000073193,工人体育场,1,['900000058113'],39.93270333714294,116.44426839053907
424,北京市地铁,地铁19号线,19号线,900000079004,新宫,1,['110100023076'],39.81122076104181,116.35934879657242
425,北京市地铁,地铁19号线,19号线,900000079004,新发地,0,[],39.82211385435809,116.34016849012983
426,北京市地铁,地铁19号线,19号线,900000079004,草桥,1,"['110100023282', '900000076659']",39.844517556329244,116.34520902949602
427,北京市地铁,地铁19号线,19号线,900000079004,景风门,1,['900000028907'],39.86125589739572,116.3598256656699
428,北京市地铁,地铁19号线,19号线,900000079004,牛街,0,[],39.88823211032873,116.35727452977477
429,北京市地铁,地铁19号线,19号线,900000079004,太平桥,0,[],39.908381543141715,116.35703638008468
430,北京市地铁,地铁19号线,19号线,900000079004,平安里,1,"['110100023076', '110100023339']",39.932561950195655,116.36665626576213
431,北京市地铁,地铁19号线,19号线,900000079004,积水潭,1,['110100023098'],39.94726508402908,116.3668970593392
432,北京市地铁,地铁19号线,19号线,900000079004,北太平庄,1,['900000077547'],39.96649703459885,116.36381002619302
433,北京市地铁,地铁19号线,19号线,900000079004,牡丹园,1,['110100023282'],39.97521792842419,116.36361620291518
434,北京市地铁,地铁昌平线,昌平线,110100023118,昌平西山口,0,[],40.243330994836796,116.18921544884131
435,北京市地铁,地铁昌平线,昌平线,110100023118,十三陵景区,0,[],40.23898179345613,116.20160335999411
436,北京市地铁,地铁昌平线,昌平线,110100023118,昌平,0,[],40.21930640692907,116.22751007231831
437,北京市地铁,地铁昌平线,昌平线,110100023118,昌平东关,0,[],40.22048388003669,116.25598996641783
438,北京市地铁,地铁昌平线,昌平线,110100023118,北邵洼,0,[],40.22074240984686,116.27586406478565
439,北京市地铁,地铁昌平线,昌平线,110100023118,南邵,0,[],40.20622875600407,116.28144334428403
440,北京市地铁,地铁昌平线,昌平线,110100023118,沙河高教园,0,[],40.16341701016919,116.27438908585073
441,北京市地铁,地铁昌平线,昌平线,110100023118,沙河,0,[],40.147020447866716,116.28277983507726
442,北京市地铁,地铁昌平线,昌平线,110100023118,巩华城,0,[],40.12963690068191,116.28788784417345
443,北京市地铁,地铁昌平线,昌平线,110100023118,朱辛庄,1,['110100023114'],40.103002974565776,116.30757156527208
444,北京市地铁,地铁昌平线,昌平线,110100023118,生命科学园,0,[],40.09352953354276,116.28814296560776
445,北京市地铁,地铁昌平线,昌平线,110100023118,西二旗,1,['110100033066'],40.05175665058048,116.30019062976434
446,北京市地铁,地铁昌平线,昌平线,110100023118,清河站,1,['110100033066'],40.03987170109093,116.30883977893387
447,北京市地铁,地铁昌平线,昌平线,110100023118,朱房北,0,[],40.03463011719285,116.32555243579539
448,北京市地铁,地铁昌平线,昌平线,110100023118,清河小营桥,0,[],40.03337658307407,116.33755340264541
449,北京市地铁,地铁昌平线,昌平线,110100023118,学知园,0,[],40.01365062171581,116.34599393812474
450,北京市地铁,地铁昌平线,昌平线,110100023118,六道口,1,['110100023070'],39.99868334627761,116.3465497130166
451,北京市地铁,地铁昌平线,昌平线,110100023118,学院桥,0,[],39.98684469071565,116.34723782897217
452,北京市地铁,地铁昌平线,昌平线,110100023118,西土城,1,['110100023282'],39.97500971723079,116.34811358104061
453,北京市地铁,地铁昌平线,昌平线,110100023118,蓟门桥,1,['900000077547'],39.966382354143676,116.34976741788722
454,北京市地铁,北京大兴国际机场线,大兴国际机场线,900000076659,草桥,1,"['110100023282', '900000079004']",39.844517556329244,116.34520902949602
455,北京市地铁,北京大兴国际机场线,大兴国际机场线,900000076659,大兴新城,0,[],39.734219179559744,116.35933156422001
456,北京市地铁,北京大兴国际机场线,大兴国际机场线,900000076659,大兴机场,0,[],39.51003599364739,116.41053809616693
457,北京市地铁,地铁房山线,房山线,110100023092,阎村东,1,['900000029622'],39.72764452945083,116.09451664765822
458,北京市地铁,地铁房山线,房山线,110100023092,苏庄,0,[],39.72181992151769,116.11903637154899
459,北京市地铁,地铁房山线,房山线,110100023092,良乡南关,0,[],39.72185390581775,116.13456696441713
460,北京市地铁,地铁房山线,房山线,110100023092,良乡大学城西,0,[],39.72183450884604,116.15008461030945
461,北京市地铁,地铁房山线,房山线,110100023092,良乡大学城,0,[],39.721873972112704,116.17040027663553
462,北京市地铁,地铁房山线,房山线,110100023092,良乡大学城北,0,[],39.728632938834856,116.17735772872881
463,北京市地铁,地铁房山线,房山线,110100023092,广阳城,0,[],39.746657554354634,116.17886459499604
464,北京市地铁,地铁房山线,房山线,110100023092,篱笆房,0,[],39.75937021474058,116.18337611896155
465,北京市地铁,地铁房山线,房山线,110100023092,长阳,0,[],39.76264058898523,116.20663647234949
466,北京市地铁,地铁房山线,房山线,110100023092,稻田,0,[],39.793658968841136,116.21279215139236
467,北京市地铁,地铁房山线,房山线,110100023092,大葆台,0,[],39.806568017174534,116.28563402976751
468,北京市地铁,地铁房山线,房山线,110100023092,郭公庄,1,['110100023116'],39.813063718278904,116.29582320695053
469,北京市地铁,地铁房山线,房山线,110100023092,白盆窑,0,[],39.81831115419467,116.30730099892536
470,北京市地铁,地铁房山线,房山线,110100023092,花乡东桥,0,[],39.82791902621767,116.31395806490643
471,北京市地铁,地铁房山线,房山线,110100023092,首经贸,1,['110100023282'],39.84316978998261,116.31409384572936
472,北京市地铁,地铁房山线,房山线,110100023092,东管头南,1,['900000062236'],39.85433855471856,116.31701681663685
473,北京市地铁,首都机场线,首都机场线,110100023096,3号航站楼,0,[],40.05160497958861,116.6097663853427
474,北京市地铁,首都机场线,首都机场线,110100023096,2号航站楼,0,[],40.0782638464891,116.58700235912934
475,北京市地铁,首都机场线,首都机场线,110100023096,三元桥,1,"['110100023282', '900000077547']",39.96016635808502,116.45083221847719
476,北京市地铁,首都机场线,首都机场线,110100023096,东直门,1,"['110100023098', '110100033066']",39.94024527095312,116.42962776694787
477,北京市地铁,首都机场线,首都机场线,110100023096,北新桥,1,['110100023100'],39.93938118523576,116.41064295477918
478,北京市地铁,西郊线,西郊线,110100023060,巴沟,1,['110100023282'],39.973161152348524,116.28728653159045
479,北京市地铁,西郊线,西郊线,110100023060,颐和园西门,0,[],39.98447456372832,116.25720811949162
480,北京市地铁,西郊线,西郊线,110100023060,茶棚,0,[],39.98089429504929,116.24206067534949
481,北京市地铁,西郊线,西郊线,110100023060,万安,0,[],39.982776559927146,116.22592491521215
482,北京市地铁,西郊线,西郊线,110100023060,国家植物园,0,[],39.992297199646316,116.20964372847239
483,北京市地铁,西郊线,西郊线,110100023060,香山,0,[],39.992801202910464,116.19838918500652
484,北京市地铁,地铁燕房线,燕房线,900000029622,阎村东,1,['110100023092'],39.72764452945083,116.09451664765822
485,北京市地铁,地铁燕房线,燕房线,900000029622,紫草坞,0,[],39.723226025503536,116.0804174863494
486,北京市地铁,地铁燕房线,燕房线,900000029622,阎村,0,[],39.71535644839612,116.07386610230303
487,北京市地铁,地铁燕房线,燕房线,900000029622,星城,0,[],39.71233000654191,116.05509248434895
488,北京市地铁,地铁燕房线,燕房线,900000029622,大石河东,0,[],39.70858626999266,116.0336751198469
489,北京市地铁,地铁燕房线,燕房线,900000029622,马各庄,0,[],39.70385982456372,116.01044552983504
490,北京市地铁,地铁燕房线,燕房线,900000029622,饶乐府,0,[],39.70025967756585,115.99997825354001
491,北京市地铁,地铁燕房线,燕房线,900000029622,房山城关,0,[],39.704899017920305,115.98353002735
492,北京市地铁,地铁燕房线,燕房线,900000029622,燕山,0,[],39.718498017997476,115.96737671959671
493,北京市地铁,地铁亦庄线,亦庄线,110100023102,宋家庄,1,"['110100023100', '110100023282']",39.84446301090066,116.4221529595234
494,北京市地铁,地铁亦庄线,亦庄线,110100023102,肖村,0,[],39.832863143240566,116.44219159265005
495,北京市地铁,地铁亦庄线,亦庄线,110100023102,小红门,0,[],39.82662097296612,116.45308470205777
496,北京市地铁,地铁亦庄线,亦庄线,110100023102,旧宫,0,[],39.80558518405598,116.45465510367868
497,北京市地铁,地铁亦庄线,亦庄线,110100023102,亦庄桥,0,[],39.80173784818972,116.47423954411953
498,北京市地铁,地铁亦庄线,亦庄线,110100023102,亦庄文化园,0,[],39.80564653136413,116.48460234705337
499,北京市地铁,地铁亦庄线,亦庄线,110100023102,万源街,0,[],39.8017719487747,116.49942986045284
500,北京市地铁,地铁亦庄线,亦庄线,110100023102,荣京东街,0,[],39.79201416353324,116.5073786434704
501,北京市地铁,地铁亦庄线,亦庄线,110100023102,荣昌东街,0,[],39.78168205313256,116.51577707143049
502,北京市地铁,地铁亦庄线,亦庄线,110100023102,同济南路,0,[],39.77186034408497,116.53405024211699
503,北京市地铁,地铁亦庄线,亦庄线,110100023102,经海路,0,[],39.78261462864118,116.55652259385514
504,北京市地铁,地铁亦庄线,亦庄线,110100023102,次渠南,0,[],39.794080335888495,116.57558152380295
505,北京市地铁,地铁亦庄线,亦庄线,110100023102,次渠,1,['900000099933'],39.80251665050204,116.58579070512673
506,北京市地铁,地铁亦庄线,亦庄线,110100023102,亦庄火车站,0,[],39.81157328047893,116.59613755068251
0,深圳市地铁,地铁1号线(罗宝线),1号线/罗宝线,440300024063,罗湖,0,[],22.534773743036723,114.11356724559275
1,深圳市地铁,地铁1号线(罗宝线),1号线/罗宝线,440300024063,国贸,0,[],22.54237050147604,114.11381014452411
2,深圳市地铁,地铁1号线(罗宝线),1号线/罗宝线,440300024063,老街,1,['440300024060'],22.546920598243506,114.11183673025953
3,深圳市地铁,地铁1号线(罗宝线),1号线/罗宝线,440300024063,大剧院,1,['440300024076'],22.5444833134091,114.10269652807666
4,深圳市地铁,地铁1号线(罗宝线),1号线/罗宝线,440300024063,科学馆,1,['440300024046'],22.54329955667086,114.09004758727023
5,深圳市地铁,地铁1号线(罗宝线),1号线/罗宝线,440300024063,华强路,0,[],22.543144129686613,114.08000420947756
6,深圳市地铁,地铁1号线(罗宝线),1号线/罗宝线,440300024063,岗厦,1,['900000055265'],22.53755574898154,114.06306684031424
7,深圳市地铁,地铁1号线(罗宝线),1号线/罗宝线,440300024063,会展中心,1,['440300024074'],22.53748127714916,114.05598402504354
8,深圳市地铁,地铁1号线(罗宝线),1号线/罗宝线,440300024063,购物公园,1,['440300024060'],22.537378775590653,114.04947165869916
9,深圳市地铁,地铁1号线(罗宝线),1号线/罗宝线,440300024063,香蜜湖,0,[],22.541645187805603,114.0335530702799
10,深圳市地铁,地铁1号线(罗宝线),1号线/罗宝线,440300024063,车公庙,1,"['440300024050', '440300024054', '440300024056']",22.53903873383177,114.02077281755152
11,深圳市地铁,地铁1号线(罗宝线),1号线/罗宝线,440300024063,竹子林,0,[],22.536183033295067,114.00888803198798
12,深圳市地铁,地铁1号线(罗宝线),1号线/罗宝线,440300024063,侨城东,0,[],22.535284076110806,113.99166542880175
13,深圳市地铁,地铁1号线(罗宝线),1号线/罗宝线,440300024063,华侨城,0,[],22.53640080709205,113.98041149159182
14,深圳市地铁,地铁1号线(罗宝线),1号线/罗宝线,440300024063,世界之窗,1,['440300024076'],22.539843511750796,113.96928448351409
15,深圳市地铁,地铁1号线(罗宝线),1号线/罗宝线,440300024063,白石洲,0,[],22.542566553624738,113.96213177448287
16,深圳市地铁,地铁1号线(罗宝线),1号线/罗宝线,440300024063,高新园,0,[],22.543230250617917,113.94895031991362
17,深圳市地铁,地铁1号线(罗宝线),1号线/罗宝线,440300024063,深大,1,['900000094840'],22.54168090691186,113.93929548643088
18,深圳市地铁,地铁1号线(罗宝线),1号线/罗宝线,440300024063,桃园,1,['900000094862'],22.534548312096632,113.91992015093783
19,深圳市地铁,地铁1号线(罗宝线),1号线/罗宝线,440300024063,大新,0,[],22.535282127385802,113.91021264219427
20,深圳市地铁,地铁1号线(罗宝线),1号线/罗宝线,440300024063,鲤鱼门,0,[],22.53505898188948,113.89821530370351
21,深圳市地铁,地铁1号线(罗宝线),1号线/罗宝线,440300024063,前海湾,1,"['440300024058', '440300024056']",22.540174382304976,113.89306402597849
22,深圳市地铁,地铁1号线(罗宝线),1号线/罗宝线,440300024063,新安,0,[],22.550519887317403,113.88975318936848
23,深圳市地铁,地铁1号线(罗宝线),1号线/罗宝线,440300024063,宝安中心,1,['440300024058'],22.557622893894433,113.8823518740308
24,深圳市地铁,地铁1号线(罗宝线),1号线/罗宝线,440300024063,宝体,0,[],22.563783471762797,113.87574964116695
25,深圳市地铁,地铁1号线(罗宝线),1号线/罗宝线,440300024063,坪洲,0,[],22.571939379676593,113.86580117081712
26,深圳市地铁,地铁1号线(罗宝线),1号线/罗宝线,440300024063,西乡,0,[],22.57816964188429,113.85812167125178
27,深圳市地铁,地铁1号线(罗宝线),1号线/罗宝线,440300024063,固戍,0,[],22.60435422200265,113.84182487296528
28,深圳市地铁,地铁1号线(罗宝线),1号线/罗宝线,440300024063,后瑞,0,[],22.631801135184055,113.83045024958118
29,深圳市地铁,地铁1号线(罗宝线),1号线/罗宝线,440300024063,机场东,1,['900000094862'],22.649939515495824,113.81759955284791
30,深圳市地铁,坪山云巴1号线,坪山云巴1号线,900000191216,比亚迪北,0,[],22.68482157641605,114.35615068671787
31,深圳市地铁,坪山云巴1号线,坪山云巴1号线,900000191216,龙背,0,[],22.690004725614,114.35455714500478
32,深圳市地铁,坪山云巴1号线,坪山云巴1号线,900000191216,自然博物馆西,0,[],22.694618563592165,114.35327433616443
33,深圳市地铁,坪山云巴1号线,坪山云巴1号线,900000191216,未来城,0,[],22.701103994457796,114.34767085651471
34,深圳市地铁,坪山云巴1号线,坪山云巴1号线,900000191216,燕子岭,0,[],22.705536729780356,114.35659286527354
35,深圳市地铁,坪山云巴1号线,坪山云巴1号线,900000191216,综合保税区,0,[],22.711981522553554,114.35625482054793
36,深圳市地铁,坪山云巴1号线,坪山云巴1号线,900000191216,中芯国际,0,[],22.714220288257252,114.35085898003861
37,深圳市地铁,坪山云巴1号线,坪山云巴1号线,900000191216,坪山中心(云巴1号线),0,[],22.713666346390244,114.34668433558707
38,深圳市地铁,坪山云巴1号线,坪山云巴1号线,900000191216,文化聚落,0,[],22.712873160006854,114.34061468260221
39,深圳市地铁,坪山云巴1号线,坪山云巴1号线,900000191216,站前路东,0,[],22.71119879098888,114.33558105847274
40,深圳市地铁,坪山云巴1号线,坪山云巴1号线,900000191216,坪山高铁站,0,[],22.708217214473546,114.32257286883718
41,深圳市地铁,地铁2号线(8号线),2号线/8号线,440300024076,赤湾,1,['440300024058'],22.482281571267666,113.89266031301739
42,深圳市地铁,地铁2号线(8号线),2号线/8号线,440300024076,蛇口港,0,[],22.479678511413812,113.90747475988353
43,深圳市地铁,地铁2号线(8号线),2号线/8号线,440300024076,海上世界,1,['900000094862'],22.48815216437575,113.91025461604019
44,深圳市地铁,地铁2号线(8号线),2号线/8号线,440300024076,水湾,0,[],22.491437005926354,113.9148292400304
45,深圳市地铁,地铁2号线(8号线),2号线/8号线,440300024076,东角头,0,[],22.48936091374572,113.92628756005246
46,深圳市地铁,地铁2号线(8号线),2号线/8号线,440300024076,湾厦,0,[],22.496378016149116,113.93373572151148
47,深圳市地铁,地铁2号线(8号线),2号线/8号线,440300024076,海月,0,[],22.503435392046327,113.93284716940305
48,深圳市地铁,地铁2号线(8号线),2号线/8号线,440300024076,登良,0,[],22.512172419119864,113.93273372894063
49,深圳市地铁,地铁2号线(8号线),2号线/8号线,440300024076,后海,1,"['440300024056', '900000094840', '900000211171']",22.521188132503205,113.9386276186471
50,深圳市地铁,地铁2号线(8号线),2号线/8号线,440300024076,科苑,1,['900000094840'],22.530029739799264,113.94131558737487
51,深圳市地铁,地铁2号线(8号线),2号线/8号线,440300024076,红树湾,0,[],22.52810172190523,113.96351381031968
52,深圳市地铁,地铁2号线(8号线),2号线/8号线,440300024076,世界之窗,1,['440300024063'],22.539843511750796,113.96928448351409
53,深圳市地铁,地铁2号线(8号线),2号线/8号线,440300024076,侨城北,0,[],22.54689194587938,113.98418051719597
54,深圳市地铁,地铁2号线(8号线),2号线/8号线,440300024076,深康,0,[],22.549326532888248,113.99385397109369
55,深圳市地铁,地铁2号线(8号线),2号线/8号线,440300024076,安托山,1,['440300024050'],22.551632979115595,114.00122513240905
56,深圳市地铁,地铁2号线(8号线),2号线/8号线,440300024076,侨香,0,[],22.55260758586774,114.00934684685554
57,深圳市地铁,地铁2号线(8号线),2号线/8号线,440300024076,香蜜,0,[],22.555568076636177,114.01879722352348
58,深圳市地铁,地铁2号线(8号线),2号线/8号线,440300024076,香梅北,0,[],22.55663201763323,114.02764283036555
59,深圳市地铁,地铁2号线(8号线),2号线/8号线,440300024076,景田,1,['440300024054'],22.55616501649381,114.03824959099141
60,深圳市地铁,地铁2号线(8号线),2号线/8号线,440300024076,莲花西,0,[],22.54939997752516,114.04493023479881
61,深圳市地铁,地铁2号线(8号线),2号线/8号线,440300024076,福田,1,"['440300024060', '440300024056']",22.54281371810132,114.0477715881899
62,深圳市地铁,地铁2号线(8号线),2号线/8号线,440300024076,市民中心,1,['440300024074'],22.544455697248832,114.05607447741706
63,深圳市地铁,地铁2号线(8号线),2号线/8号线,440300024076,岗厦北,1,"['900000055265', '440300024056', '900000095033']",22.54102184479824,114.06284077632802
64,深圳市地铁,地铁2号线(8号线),2号线/8号线,440300024076,华强北,1,['440300024050'],22.547125700341837,114.08028397844511
65,深圳市地铁,地铁2号线(8号线),2号线/8号线,440300024076,燕南,0,[],22.5472227830442,114.08743398449643
66,深圳市地铁,地铁2号线(8号线),2号线/8号线,440300024076,大剧院,1,['440300024063'],22.5444833134091,114.10269652807666
67,深圳市地铁,地铁2号线(8号线),2号线/8号线,440300024076,湖贝,0,[],22.54698349093552,114.12034923992134
68,深圳市地铁,地铁2号线(8号线),2号线/8号线,440300024076,黄贝岭,1,['440300024058'],22.54880495572443,114.13126641493965
69,深圳市地铁,地铁2号线(8号线),2号线/8号线,440300024076,新秀,0,[],22.55041716649352,114.14372878456064
70,深圳市地铁,地铁2号线(8号线),2号线/8号线,440300024076,莲塘口岸,0,[],22.556264580660386,114.1505659045558
71,深圳市地铁,地铁2号线(8号线),2号线/8号线,440300024076,仙湖路,0,[],22.566824598618926,114.16141413783899
72,深圳市地铁,地铁2号线(8号线),2号线/8号线,440300024076,莲塘,0,[],22.566892512989856,114.16932156609344
73,深圳市地铁,地铁2号线(8号线),2号线/8号线,440300024076,梧桐山南,0,[],22.560641794599892,114.17826197493093
74,深圳市地铁,地铁2号线(8号线),2号线/8号线,440300024076,沙头角,0,[],22.55708349819672,114.21834043705758
75,深圳市地铁,地铁2号线(8号线),2号线/8号线,440300024076,海山,0,[],22.55839876925163,114.23287675464245
76,深圳市地铁,地铁2号线(8号线),2号线/8号线,440300024076,盐田港西,0,[],22.565399753212183,114.24207286444351
77,深圳市地铁,地铁2号线(8号线),2号线/8号线,440300024076,深外高中,0,[],22.586892074837223,114.23972965811092
78,深圳市地铁,地铁2号线(8号线),2号线/8号线,440300024076,盐田路,0,[],22.592581082341834,114.25149826325823
79,深圳市地铁,地铁2号线(8号线),2号线/8号线,440300024076,鸿安围,0,[],22.593400856325196,114.25940366264355
80,深圳市地铁,地铁2号线(8号线),2号线/8号线,440300024076,盐田墟,0,[],22.59016907887059,114.27154924705304
81,深圳市地铁,地铁2号线(8号线),2号线/8号线,440300024076,大梅沙,0,[],22.59689804190501,114.30297140733734
82,深圳市地铁,地铁2号线(8号线),2号线/8号线,440300024076,小梅沙,0,[],22.604993334380676,114.3216199258191
83,深圳市地铁,地铁3号线(龙岗线),3号线/龙岗线,440300024060,福保,0,[],22.510606949218744,114.05047710680043
84,深圳市地铁,地铁3号线(龙岗线),3号线/龙岗线,440300024060,益田,0,[],22.519018638245118,114.04588380873768
85,深圳市地铁,地铁3号线(龙岗线),3号线/龙岗线,440300024060,石厦,1,['440300024050'],22.52643416337282,114.04850865015898
86,深圳市地铁,地铁3号线(龙岗线),3号线/龙岗线,440300024060,购物公园,1,['440300024063'],22.537378775590653,114.04947165869916
87,深圳市地铁,地铁3号线(龙岗线),3号线/龙岗线,440300024060,福田,1,"['440300024056', '440300024076']",22.54281371810132,114.0477715881899
88,深圳市地铁,地铁3号线(龙岗线),3号线/龙岗线,440300024060,少年宫,1,['440300024074'],22.551339894071393,114.05505310050214
89,深圳市地铁,地铁3号线(龙岗线),3号线/龙岗线,440300024060,莲花村,1,['900000055265'],22.551347316655942,114.06270520122125
90,深圳市地铁,地铁3号线(龙岗线),3号线/龙岗线,440300024060,华新,1,['440300024050'],22.55166469834854,114.08152485497993
91,深圳市地铁,地铁3号线(龙岗线),3号线/龙岗线,440300024060,通新岭,1,['440300024046'],22.551806839736603,114.09114769676756
92,深圳市地铁,地铁3号线(龙岗线),3号线/龙岗线,440300024060,红岭,1,['440300024054'],22.551061728334243,114.09946559177207
93,深圳市地铁,地铁3号线(龙岗线),3号线/龙岗线,440300024060,老街,1,['440300024063'],22.546920598243506,114.11183673025953
94,深圳市地铁,地铁3号线(龙岗线),3号线/龙岗线,440300024060,晒布,0,[],22.551931271573384,114.1175708837083
95,深圳市地铁,地铁3号线(龙岗线),3号线/龙岗线,440300024060,翠竹,0,[],22.558888678144328,114.12480310238621
96,深圳市地铁,地铁3号线(龙岗线),3号线/龙岗线,440300024060,田贝,1,['440300024050'],22.56997985684786,114.124971723338
97,深圳市地铁,地铁3号线(龙岗线),3号线/龙岗线,440300024060,水贝,0,[],22.576681344514785,114.119883449242
98,深圳市地铁,地铁3号线(龙岗线),3号线/龙岗线,440300024060,草埔,0,[],22.58713140180145,114.1113944378249
99,深圳市地铁,地铁3号线(龙岗线),3号线/龙岗线,440300024060,布吉,1,"['440300024058', '900000095033']",22.605015955205428,114.11605981386103
100,深圳市地铁,地铁3号线(龙岗线),3号线/龙岗线,440300024060,木棉湾,0,[],22.609692177687723,114.12521062984456
101,深圳市地铁,地铁3号线(龙岗线),3号线/龙岗线,440300024060,大芬,0,[],22.616895953280668,114.13329855306293
102,深圳市地铁,地铁3号线(龙岗线),3号线/龙岗线,440300024060,丹竹头,0,[],22.622471270837718,114.14301134212681
103,深圳市地铁,地铁3号线(龙岗线),3号线/龙岗线,440300024060,六约,0,[],22.63709861228579,114.17568922978685
104,深圳市地铁,地铁3号线(龙岗线),3号线/龙岗线,440300024060,塘坑,0,[],22.641976508948446,114.18779950003194
105,深圳市地铁,地铁3号线(龙岗线),3号线/龙岗线,440300024060,横岗,0,[],22.651263245813173,114.20410616060221
106,深圳市地铁,地铁3号线(龙岗线),3号线/龙岗线,440300024060,永湖,0,[],22.661825461525027,114.21317164871799
107,深圳市地铁,地铁3号线(龙岗线),3号线/龙岗线,440300024060,荷坳,0,[],22.675912799994705,114.21944973757103
108,深圳市地铁,地铁3号线(龙岗线),3号线/龙岗线,440300024060,大运,1,"['900000095033', '900000095071']",22.688554141590895,114.22330798027073
109,深圳市地铁,地铁3号线(龙岗线),3号线/龙岗线,440300024060,爱联,0,[],22.70033050801892,114.2295758457311
110,深圳市地铁,地铁3号线(龙岗线),3号线/龙岗线,440300024060,吉祥,0,[],22.712324256519608,114.23948049512038
111,深圳市地铁,地铁3号线(龙岗线),3号线/龙岗线,440300024060,龙城广场,0,[],22.719749372767232,114.24976053454098
112,深圳市地铁,地铁3号线(龙岗线),3号线/龙岗线,440300024060,南联,0,[],22.72479573665459,114.26070132177104
113,深圳市地铁,地铁3号线(龙岗线),3号线/龙岗线,440300024060,双龙,1,['900000095071'],22.731623307397797,114.27258877984673
114,深圳市地铁,地铁3号线(龙岗线),3号线/龙岗线,440300024060,梨园,0,[],22.73764394560518,114.27690097571106
115,深圳市地铁,地铁3号线(龙岗线),3号线/龙岗线,440300024060,新生,0,[],22.75079351000762,114.27818629122862
116,深圳市地铁,地铁3号线(龙岗线),3号线/龙岗线,440300024060,坪西,0,[],22.766227581878862,114.27740182989207
117,深圳市地铁,地铁3号线(龙岗线),3号线/龙岗线,440300024060,低碳城,0,[],22.773800194476973,114.2845108716975
118,深圳市地铁,地铁3号线(龙岗线),3号线/龙岗线,440300024060,白石塘,0,[],22.77789230160949,114.29800920884948
119,深圳市地铁,地铁3号线(龙岗线),3号线/龙岗线,440300024060,富坪,0,[],22.782907685410397,114.30603837031894
120,深圳市地铁,地铁3号线(龙岗线),3号线/龙岗线,440300024060,坪地六联,0,[],22.789712722091654,114.31717280454961
121,深圳市地铁,地铁4号线(龙华线),4号线/龙华线,440300024074,福田口岸,1,['900000055265'],22.519590742030836,114.0621996453467
122,深圳市地铁,地铁4号线(龙华线),4号线/龙华线,440300024074,福民,1,"['440300024050', '900000055265']",22.525931473174566,114.06079433328122
123,深圳市地铁,地铁4号线(龙华线),4号线/龙华线,440300024074,会展中心,1,['440300024063'],22.53748127714916,114.05598402504354
124,深圳市地铁,地铁4号线(龙华线),4号线/龙华线,440300024074,市民中心,1,['440300024076'],22.544455697248832,114.05607447741706
125,深圳市地铁,地铁4号线(龙华线),4号线/龙华线,440300024074,少年宫,1,['440300024060'],22.551339894071393,114.05505310050214
126,深圳市地铁,地铁4号线(龙华线),4号线/龙华线,440300024074,莲花北,0,[],22.5632511963861,114.05428515968269
127,深圳市地铁,地铁4号线(龙华线),4号线/龙华线,440300024074,上梅林,1,['440300024054'],22.573174164198477,114.05432247115691
128,深圳市地铁,地铁4号线(龙华线),4号线/龙华线,440300024074,民乐,0,[],22.59687360192135,114.04370399780765
129,深圳市地铁,地铁4号线(龙华线),4号线/龙华线,440300024074,白石龙,0,[],22.604247693030835,114.03733606196093
130,深圳市地铁,地铁4号线(龙华线),4号线/龙华线,440300024074,深圳北站,1,"['440300024058', '440300024046']",22.613267648234014,114.02522623668747
131,深圳市地铁,地铁4号线(龙华线),4号线/龙华线,440300024074,红山,1,['440300024046'],22.624674501223602,114.01840763302465
132,深圳市地铁,地铁4号线(龙华线),4号线/龙华线,440300024074,上塘,0,[],22.6399506222879,114.00777505719917
133,深圳市地铁,地铁4号线(龙华线),4号线/龙华线,440300024074,龙胜,0,[],22.647556534727283,114.00697853368662
134,深圳市地铁,地铁4号线(龙华线),4号线/龙华线,440300024074,龙华,0,[],22.65441489915397,114.01736211258664
135,深圳市地铁,地铁4号线(龙华线),4号线/龙华线,440300024074,清湖,0,[],22.666830526999323,114.03144997479215
136,深圳市地铁,地铁4号线(龙华线),4号线/龙华线,440300024074,清湖北,0,[],22.67482127819485,114.03532109276006
137,深圳市地铁,地铁4号线(龙华线),4号线/龙华线,440300024074,竹村,0,[],22.689459082838095,114.03521233633613
138,深圳市地铁,地铁4号线(龙华线),4号线/龙华线,440300024074,茜坑,0,[],22.69998260866673,114.03598822851963
139,深圳市地铁,地铁4号线(龙华线),4号线/龙华线,440300024074,长湖,0,[],22.713478526360323,114.03968985542915
140,深圳市地铁,地铁4号线(龙华线),4号线/龙华线,440300024074,观澜,0,[],22.717864715921433,114.0496496307296
141,深圳市地铁,地铁4号线(龙华线),4号线/龙华线,440300024074,松元厦,0,[],22.723231220936583,114.05974530879293
142,深圳市地铁,地铁4号线(龙华线),4号线/龙华线,440300024074,观澜湖,0,[],22.724275911206814,114.0711314043257
143,深圳市地铁,地铁4号线(龙华线),4号线/龙华线,440300024074,牛湖,0,[],22.727258135546617,114.08411396248803
144,深圳市地铁,地铁5号线(环中线),5号线/环中线,440300024058,赤湾,1,['440300024076'],22.482281571267666,113.89266031301739
145,深圳市地铁,地铁5号线(环中线),5号线/环中线,440300024058,荔湾,0,[],22.50087454223959,113.8886151127155
146,深圳市地铁,地铁5号线(环中线),5号线/环中线,440300024058,铁路公园,0,[],22.505959962781958,113.88509469590518
147,深圳市地铁,地铁5号线(环中线),5号线/环中线,440300024058,妈湾,0,[],22.510953507002828,113.88104901807125
148,深圳市地铁,地铁5号线(环中线),5号线/环中线,440300024058,前湾公园,0,[],22.519159437072727,113.88467634107066
149,深圳市地铁,地铁5号线(环中线),5号线/环中线,440300024058,前湾,1,['440300024054'],22.524873593408344,113.89058565455723
150,深圳市地铁,地铁5号线(环中线),5号线/环中线,440300024058,桂湾,0,[],22.535411656450908,113.8930763373649
151,深圳市地铁,地铁5号线(环中线),5号线/环中线,440300024058,前海湾,1,"['440300024063', '440300024056']",22.540174382304976,113.89306402597849
152,深圳市地铁,地铁5号线(环中线),5号线/环中线,440300024058,临海,0,[],22.547209885681802,113.88444527895392
153,深圳市地铁,地铁5号线(环中线),5号线/环中线,440300024058,宝华,0,[],22.552681883099208,113.88020618049394
154,深圳市地铁,地铁5号线(环中线),5号线/环中线,440300024058,宝安中心,1,['440300024063'],22.557622893894433,113.8823518740308
155,深圳市地铁,地铁5号线(环中线),5号线/环中线,440300024058,翻身,0,[],22.562740410995065,113.88835792872074
156,深圳市地铁,地铁5号线(环中线),5号线/环中线,440300024058,灵芝,1,['900000094862'],22.57201502407732,113.89929264186107
157,深圳市地铁,地铁5号线(环中线),5号线/环中线,440300024058,洪浪北,0,[],22.577591869373055,113.90572214848787
158,深圳市地铁,地铁5号线(环中线),5号线/环中线,440300024058,兴东,0,[],22.584865170394515,113.91415043211683
159,深圳市地铁,地铁5号线(环中线),5号线/环中线,440300024058,留仙洞,0,[],22.583545304062564,113.9386636228001
160,深圳市地铁,地铁5号线(环中线),5号线/环中线,440300024058,西丽,1,['440300024050'],22.583666355851697,113.94950084072246
161,深圳市地铁,地铁5号线(环中线),5号线/环中线,440300024058,大学城,0,[],22.58490916487039,113.96039163383233
162,深圳市地铁,地铁5号线(环中线),5号线/环中线,440300024058,塘朗,0,[],22.592960639012034,113.99466909048306
163,深圳市地铁,地铁5号线(环中线),5号线/环中线,440300024058,长岭陂,0,[],22.602225356670544,114.005250763371
164,深圳市地铁,地铁5号线(环中线),5号线/环中线,440300024058,深圳北站,1,"['440300024074', '440300024046']",22.613267648234014,114.02522623668747
165,深圳市地铁,地铁5号线(环中线),5号线/环中线,440300024058,民治,0,[],22.620288937585908,114.03575685391053
166,深圳市地铁,地铁5号线(环中线),5号线/环中线,440300024058,五和,1,['900000055265'],22.62953521370229,114.05555845835319
167,深圳市地铁,地铁5号线(环中线),5号线/环中线,440300024058,坂田,0,[],22.630170488171206,114.06572106575747
168,深圳市地铁,地铁5号线(环中线),5号线/环中线,440300024058,杨美,0,[],22.629455330171805,114.0748407209181
169,深圳市地铁,地铁5号线(环中线),5号线/环中线,440300024058,上水径,0,[],22.6247189188688,114.10021456107744
170,深圳市地铁,地铁5号线(环中线),5号线/环中线,440300024058,下水径,0,[],22.61750934748175,114.1055462467849
171,深圳市地铁,地铁5号线(环中线),5号线/环中线,440300024058,长龙,0,[],22.610732279955883,114.10871396094211
172,深圳市地铁,地铁5号线(环中线),5号线/环中线,440300024058,布吉,1,"['440300024060', '900000095033']",22.605015955205428,114.11605981386103
173,深圳市地铁,地铁5号线(环中线),5号线/环中线,440300024058,百鸽笼,0,[],22.598138938794143,114.12529855823766
174,深圳市地铁,地铁5号线(环中线),5号线/环中线,440300024058,布心,0,[],22.58369508861425,114.13298098576308
175,深圳市地铁,地铁5号线(环中线),5号线/环中线,440300024058,太安,1,['440300024050'],22.576174603798247,114.13205339107877
176,深圳市地铁,地铁5号线(环中线),5号线/环中线,440300024058,怡景,0,[],22.55857069179157,114.13505735315616
177,深圳市地铁,地铁5号线(环中线),5号线/环中线,440300024058,黄贝岭,1,['440300024076'],22.54880495572443,114.13126641493965
178,深圳市地铁,地铁6号线(光明线),6号线/光明线,440300024046,松岗,1,"['440300024056', '900000094862']",22.775189365138832,113.8246073279173
179,深圳市地铁,地铁6号线(光明线),6号线/光明线,440300024046,溪头,0,[],22.777580663034218,113.8326477559153
180,深圳市地铁,地铁6号线(光明线),6号线/光明线,440300024046,松岗公园,0,[],22.780870807811496,113.84333542681235
181,深圳市地铁,地铁6号线(光明线),6号线/光明线,440300024046,薯田埔,0,[],22.78390756468714,113.86276452239005
182,深圳市地铁,地铁6号线(光明线),6号线/光明线,440300024046,合水口,0,[],22.78460364812936,113.87602305695921
183,深圳市地铁,地铁6号线(光明线),6号线/光明线,440300024046,公明广场,0,[],22.780429895038218,113.88651702176956
184,深圳市地铁,地铁6号线(光明线),6号线/光明线,440300024046,红花山,0,[],22.780687521360576,113.90241504160318
185,深圳市地铁,地铁6号线(光明线),6号线/光明线,440300024046,楼村,0,[],22.778904394065222,113.91853114780473
186,深圳市地铁,地铁6号线(光明线),6号线/光明线,440300024046,科学公园,0,[],22.780450014533358,113.92923285702499
187,深圳市地铁,地铁6号线(光明线),6号线/光明线,440300024046,光明,1,['440300024048'],22.77467142357399,113.9403473042681
188,深圳市地铁,地铁6号线(光明线),6号线/光明线,440300024046,光明大街,0,[],22.764937208392503,113.93782410018137
189,深圳市地铁,地铁6号线(光明线),6号线/光明线,440300024046,凤凰城,0,[],22.750425406956605,113.92795179383067
190,深圳市地铁,地铁6号线(光明线),6号线/光明线,440300024046,长圳,0,[],22.72933319028066,113.92604951528408
191,深圳市地铁,地铁6号线(光明线),6号线/光明线,440300024046,上屋,0,[],22.69209700215151,113.93365539307679
192,深圳市地铁,地铁6号线(光明线),6号线/光明线,440300024046,官田,0,[],22.686233980064372,113.94476876522641
193,深圳市地铁,地铁6号线(光明线),6号线/光明线,440300024046,阳台山东,0,[],22.670970665493666,113.9868029778128
194,深圳市地铁,地铁6号线(光明线),6号线/光明线,440300024046,元芬,0,[],22.659162806061,114.00012297114581
195,深圳市地铁,地铁6号线(光明线),6号线/光明线,440300024046,上芬,0,[],22.643198738773656,114.01159451195551
196,深圳市地铁,地铁6号线(光明线),6号线/光明线,440300024046,红山,1,['440300024074'],22.624674501223602,114.01840763302465
197,深圳市地铁,地铁6号线(光明线),6号线/光明线,440300024046,深圳北站,1,"['440300024074', '440300024058']",22.613267648234014,114.02522623668747
198,深圳市地铁,地铁6号线(光明线),6号线/光明线,440300024046,梅林关,0,[],22.59724468401996,114.04807861850745
199,深圳市地铁,地铁6号线(光明线),6号线/光明线,440300024046,翰岭,0,[],22.57687654986986,114.06376778739553
200,深圳市地铁,地铁6号线(光明线),6号线/光明线,440300024046,银湖,1,['440300024054'],22.570988578680506,114.08472138108945
201,深圳市地铁,地铁6号线(光明线),6号线/光明线,440300024046,八卦岭,1,['440300024050'],22.56462094653253,114.0895219001516
202,深圳市地铁,地铁6号线(光明线),6号线/光明线,440300024046,体育中心,0,[],22.55735341134421,114.09097822918037
203,深圳市地铁,地铁6号线(光明线),6号线/光明线,440300024046,通新岭,1,['440300024060'],22.551806839736603,114.09114769676756
204,深圳市地铁,地铁6号线(光明线),6号线/光明线,440300024046,科学馆,1,['440300024063'],22.54329955667086,114.09004758727023
205,深圳市地铁,地铁6号线支线,6号线支线,440300024048,光明,1,['440300024046'],22.77467142357399,113.9403473042681
206,深圳市地铁,地铁6号线支线,6号线支线,440300024048,圳美,0,[],22.79076513425638,113.94437466793107
207,深圳市地铁,地铁6号线支线,6号线支线,440300024048,中大,0,[],22.79975701674866,113.94863846365142
208,深圳市地铁,地铁6号线支线,6号线支线,440300024048,深理工,0,[],22.809277222868573,113.96365849736327
209,深圳市地铁,地铁7号线,7号线/西丽线,440300024050,北大,0,[],22.59692448357646,113.97336847189476
210,深圳市地铁,地铁7号线,7号线/西丽线,440300024050,西丽湖,0,[],22.596527830344936,113.96073120490061
211,深圳市地铁,地铁7号线,7号线/西丽线,440300024050,西丽,1,['440300024058'],22.583666355851697,113.94950084072246
212,深圳市地铁,地铁7号线,7号线/西丽线,440300024050,茶光,0,[],22.577128281512298,113.94941639675508
213,深圳市地铁,地铁7号线,7号线/西丽线,440300024050,珠光,0,[],22.571246443775134,113.95565373642516
214,深圳市地铁,地铁7号线,7号线/西丽线,440300024050,龙井,0,[],22.56695009935908,113.96975269703898
215,深圳市地铁,地铁7号线,7号线/西丽线,440300024050,桃源村,0,[],22.562819837032443,113.97701103614114
216,深圳市地铁,地铁7号线,7号线/西丽线,440300024050,深云,0,[],22.559422226813428,113.98874726149745
217,深圳市地铁,地铁7号线,7号线/西丽线,440300024050,安托山,1,['440300024076'],22.551632979115595,114.00122513240905
218,深圳市地铁,地铁7号线,7号线/西丽线,440300024050,农林,0,[],22.5432242681053,114.0130953780954
219,深圳市地铁,地铁7号线,7号线/西丽线,440300024050,车公庙,1,"['440300024063', '440300024054', '440300024056']",22.53903873383177,114.02077281755152
220,深圳市地铁,地铁7号线,7号线/西丽线,440300024050,上沙,0,[],22.52737871968932,114.03042707202155
221,深圳市地铁,地铁7号线,7号线/西丽线,440300024050,沙尾,0,[],22.523547742364304,114.03748904308812
222,深圳市地铁,地铁7号线,7号线/西丽线,440300024050,石厦,1,['440300024060'],22.52643416337282,114.04850865015898
223,深圳市地铁,地铁7号线,7号线/西丽线,440300024050,皇岗村,0,[],22.525852972746797,114.05470813355272
224,深圳市地铁,地铁7号线,7号线/西丽线,440300024050,福民,1,"['440300024074', '900000055265']",22.525931473174566,114.06079433328122
225,深圳市地铁,地铁7号线,7号线/西丽线,440300024050,皇岗口岸,0,[],22.524494397199195,114.06884635933895
226,深圳市地铁,地铁7号线,7号线/西丽线,440300024050,赤尾,0,[],22.534060608905033,114.07846971199311
227,深圳市地铁,地铁7号线,7号线/西丽线,440300024050,华强南,1,['440300024056'],22.539898414663636,114.08169665205698
228,深圳市地铁,地铁7号线,7号线/西丽线,440300024050,华强北,1,['440300024076'],22.547125700341837,114.08028397844511
229,深圳市地铁,地铁7号线,7号线/西丽线,440300024050,华新,1,['440300024060'],22.55166469834854,114.08152485497993
230,深圳市地铁,地铁7号线,7号线/西丽线,440300024050,黄木岗,1,['900000095033'],22.558381868772535,114.08210452289146
231,深圳市地铁,地铁7号线,7号线/西丽线,440300024050,八卦岭,1,['440300024046'],22.56462094653253,114.0895219001516
232,深圳市地铁,地铁7号线,7号线/西丽线,440300024050,红岭北,1,['440300024054'],22.56471050630285,114.0991954305729
233,深圳市地铁,地铁7号线,7号线/西丽线,440300024050,笋岗,0,[],22.566089258743105,114.10618342205771
234,深圳市地铁,地铁7号线,7号线/西丽线,440300024050,洪湖,0,[],22.56874760778926,114.11737043948142
235,深圳市地铁,地铁7号线,7号线/西丽线,440300024050,田贝,1,['440300024060'],22.56997985684786,114.124971723338
236,深圳市地铁,地铁7号线,7号线/西丽线,440300024050,太安,1,['440300024058'],22.576174603798247,114.13205339107877
237,深圳市地铁,地铁7号线,7号线/西丽线,440300024050,深大丽湖,0,[],22.595103555804496,113.98701832250086
238,深圳市地铁,地铁9号线,9号线/梅林线,440300024054,前湾,1,['440300024058'],22.524873593408344,113.89058565455723
239,深圳市地铁,地铁9号线,9号线/梅林线,440300024054,梦海,0,[],22.521979393506157,113.89393993252266
240,深圳市地铁,地铁9号线,9号线/梅林线,440300024054,怡海,0,[],22.517987656402926,113.89889581014297
241,深圳市地铁,地铁9号线,9号线/梅林线,440300024054,荔林,0,[],22.514955009637784,113.90826968719472
242,深圳市地铁,地铁9号线,9号线/梅林线,440300024054,南油西,0,[],22.51212280239818,113.91354408565292
243,深圳市地铁,地铁9号线,9号线/梅林线,440300024054,南油,1,['900000094862'],22.51328010401352,113.92090608505681
244,深圳市地铁,地铁9号线,9号线/梅林线,440300024054,南山书城,0,[],22.522393545952347,113.92379504932849
245,深圳市地铁,地铁9号线,9号线/梅林线,440300024054,深大南,0,[],22.52904480386319,113.9308074704333
246,深圳市地铁,地铁9号线,9号线/梅林线,440300024054,粤海门,1,['900000094840'],22.53570671834872,113.9406521123442
247,深圳市地铁,地铁9号线,9号线/梅林线,440300024054,高新南,0,[],22.535799708650796,113.9451936976533
248,深圳市地铁,地铁9号线,9号线/梅林线,440300024054,红树湾南,1,['440300024056'],22.525974816794204,113.96650852079027
249,深圳市地铁,地铁9号线,9号线/梅林线,440300024054,深湾,0,[],22.52600986774641,113.97367928143515
250,深圳市地铁,地铁9号线,9号线/梅林线,440300024054,深圳湾公园,0,[],22.524480271860135,113.9881380409092
251,深圳市地铁,地铁9号线,9号线/梅林线,440300024054,下沙,0,[],22.531696284128174,114.01928066632297
252,深圳市地铁,地铁9号线,9号线/梅林线,440300024054,车公庙,1,"['440300024063', '440300024050', '440300024056']",22.53903873383177,114.02077281755152
253,深圳市地铁,地铁9号线,9号线/梅林线,440300024054,香梅,0,[],22.548111223794454,114.0345966901665
254,深圳市地铁,地铁9号线,9号线/梅林线,440300024054,景田,1,['440300024076'],22.55616501649381,114.03824959099141
255,深圳市地铁,地铁9号线,9号线/梅林线,440300024054,梅景,0,[],22.563786197317572,114.0328499714251
256,深圳市地铁,地铁9号线,9号线/梅林线,440300024054,下梅林,0,[],22.568420561898105,114.03667656976758
257,深圳市地铁,地铁9号线,9号线/梅林线,440300024054,梅村,0,[],22.571168263997816,114.04731437487074
258,深圳市地铁,地铁9号线,9号线/梅林线,440300024054,上梅林,1,['440300024074'],22.573174164198477,114.05432247115691
259,深圳市地铁,地铁9号线,9号线/梅林线,440300024054,孖岭,1,['900000055265'],22.571157632831557,114.06265294659798
260,深圳市地铁,地铁9号线,9号线/梅林线,440300024054,银湖,1,['440300024046'],22.570988578680506,114.08472138108945
261,深圳市地铁,地铁9号线,9号线/梅林线,440300024054,泥岗,0,[],22.57048311918452,114.09250837933685
262,深圳市地铁,地铁9号线,9号线/梅林线,440300024054,红岭北,1,['440300024050'],22.56471050630285,114.0991954305729
263,深圳市地铁,地铁9号线,9号线/梅林线,440300024054,园岭,0,[],22.55896906846269,114.09937798818557
264,深圳市地铁,地铁9号线,9号线/梅林线,440300024054,红岭,1,['440300024060'],22.551061728334243,114.09946559177207
265,深圳市地铁,地铁9号线,9号线/梅林线,440300024054,红岭南,0,[],22.542625362818633,114.09963130958677
266,深圳市地铁,地铁9号线,9号线/梅林线,440300024054,鹿丹村,0,[],22.53839204504706,114.10351188247157
267,深圳市地铁,地铁9号线,9号线/梅林线,440300024054,人民南,0,[],22.538204125876835,114.11305420227482
268,深圳市地铁,地铁9号线,9号线/梅林线,440300024054,向西村,0,[],22.542489149057438,114.12068014941158
269,深圳市地铁,地铁9号线,9号线/梅林线,440300024054,文锦,0,[],22.544962075870902,114.12588520180806
270,深圳市地铁,地铁10号线(坂田线),10号线/坂田线,900000055265,双拥街,0,[],22.701327809531787,114.12789522868464
271,深圳市地铁,地铁10号线(坂田线),10号线/坂田线,900000055265,平湖,0,[],22.696342442320628,114.12070819701773
272,深圳市地铁,地铁10号线(坂田线),10号线/坂田线,900000055265,禾花,0,[],22.68869754990774,114.11595918903018
273,深圳市地铁,地铁10号线(坂田线),10号线/坂田线,900000055265,华南城,0,[],22.678647062846252,114.11714789636768
274,深圳市地铁,地铁10号线(坂田线),10号线/坂田线,900000055265,木古,0,[],22.672002825619906,114.11740077291587
275,深圳市地铁,地铁10号线(坂田线),10号线/坂田线,900000055265,上李朗,0,[],22.656730944562348,114.12197919155487
276,深圳市地铁,地铁10号线(坂田线),10号线/坂田线,900000055265,凉帽山,0,[],22.648999455012177,114.11385828472746
277,深圳市地铁,地铁10号线(坂田线),10号线/坂田线,900000055265,甘坑,0,[],22.650496320818178,114.10070239376047
278,深圳市地铁,地铁10号线(坂田线),10号线/坂田线,900000055265,雪象,0,[],22.659582371694857,114.0738279283538
279,深圳市地铁,地铁10号线(坂田线),10号线/坂田线,900000055265,岗头,0,[],22.65974752688886,114.06676154244455
280,深圳市地铁,地铁10号线(坂田线),10号线/坂田线,900000055265,华为,0,[],22.653132924186213,114.06204104230652
281,深圳市地铁,地铁10号线(坂田线),10号线/坂田线,900000055265,贝尔路,0,[],22.644409772443034,114.06123723840469
282,深圳市地铁,地铁10号线(坂田线),10号线/坂田线,900000055265,坂田北,0,[],22.637615476874117,114.05824326929063
283,深圳市地铁,地铁10号线(坂田线),10号线/坂田线,900000055265,五和,1,['440300024058'],22.62953521370229,114.05555845835319
284,深圳市地铁,地铁10号线(坂田线),10号线/坂田线,900000055265,光雅园,0,[],22.619100623044673,114.05576991956535
285,深圳市地铁,地铁10号线(坂田线),10号线/坂田线,900000055265,南坑,0,[],22.613599065481974,114.05542464116081
286,深圳市地铁,地铁10号线(坂田线),10号线/坂田线,900000055265,雅宝,0,[],22.607247419203667,114.05518830700082
287,深圳市地铁,地铁10号线(坂田线),10号线/坂田线,900000055265,孖岭,1,['440300024054'],22.571157632831557,114.06265294659798
288,深圳市地铁,地铁10号线(坂田线),10号线/坂田线,900000055265,冬瓜岭,0,[],22.56313765620576,114.06246760626483
289,深圳市地铁,地铁10号线(坂田线),10号线/坂田线,900000055265,莲花村,1,['440300024060'],22.551347316655942,114.06270520122125
290,深圳市地铁,地铁10号线(坂田线),10号线/坂田线,900000055265,岗厦北,1,"['440300024056', '900000095033', '440300024076']",22.54102184479824,114.06284077632802
291,深圳市地铁,地铁10号线(坂田线),10号线/坂田线,900000055265,岗厦,1,['440300024063'],22.53755574898154,114.06306684031424
292,深圳市地铁,地铁10号线(坂田线),10号线/坂田线,900000055265,福民,1,"['440300024074', '440300024050']",22.525931473174566,114.06079433328122
293,深圳市地铁,地铁10号线(坂田线),10号线/坂田线,900000055265,福田口岸,1,['440300024074'],22.519590742030836,114.0621996453467
294,深圳市地铁,地铁11号线,11号线/机场线,440300024056,碧头,0,[],22.786940192088995,113.81490752738694
295,深圳市地铁,地铁11号线,11号线/机场线,440300024056,松岗,1,"['440300024046', '900000094862']",22.775189365138832,113.8246073279173
296,深圳市地铁,地铁11号线,11号线/机场线,440300024056,后亭,0,[],22.755544412610927,113.82184414917664
297,深圳市地铁,地铁11号线,11号线/机场线,440300024056,沙井,0,[],22.733770330079825,113.81939897669581
298,深圳市地铁,地铁11号线,11号线/机场线,440300024056,马安山,0,[],22.719909343101033,113.81195103407109
299,深圳市地铁,地铁11号线,11号线/机场线,440300024056,塘尾,0,[],22.70499195792584,113.81282730893183
300,深圳市地铁,地铁11号线,11号线/机场线,440300024056,桥头,0,[],22.691040963593004,113.80593326408761
301,深圳市地铁,地铁11号线,11号线/机场线,440300024056,福永,1,['900000094862'],22.676464820646547,113.80099677493348
302,深圳市地铁,地铁11号线,11号线/机场线,440300024056,机场北,1,['900000075925'],22.65402275675199,113.79308227902548
303,深圳市地铁,地铁11号线,11号线/机场线,440300024056,机场,0,[],22.626952137633594,113.80860628784464
304,深圳市地铁,地铁11号线,11号线/机场线,440300024056,碧海湾,0,[],22.578083159241693,113.85115064511572
305,深圳市地铁,地铁11号线,11号线/机场线,440300024056,宝安,0,[],22.55763279517188,113.87550463159428
306,深圳市地铁,地铁11号线,11号线/机场线,440300024056,前海湾,1,"['440300024063', '440300024058']",22.540174382304976,113.89306402597849
307,深圳市地铁,地铁11号线,11号线/机场线,440300024056,南山,1,['900000094862'],22.527080964932757,113.91862308908836
308,深圳市地铁,地铁11号线,11号线/机场线,440300024056,后海,1,"['900000094840', '440300024076', '900000211171']",22.521188132503205,113.9386276186471
309,深圳市地铁,地铁11号线,11号线/机场线,440300024056,红树湾南,1,['440300024054'],22.525974816794204,113.96650852079027
310,深圳市地铁,地铁11号线,11号线/机场线,440300024056,车公庙,1,"['440300024063', '440300024050', '440300024054']",22.53903873383177,114.02077281755152
311,深圳市地铁,地铁11号线,11号线/机场线,440300024056,福田,1,"['440300024060', '440300024076']",22.54281371810132,114.0477715881899
312,深圳市地铁,地铁11号线,11号线/机场线,440300024056,岗厦北,1,"['900000055265', '900000095033', '440300024076']",22.54102184479824,114.06284077632802
313,深圳市地铁,地铁11号线,11号线/机场线,440300024056,福星,0,[],22.540075702893564,114.07640937821763
314,深圳市地铁,地铁11号线,11号线/机场线,440300024056,华强南,1,['440300024050'],22.539898414663636,114.08169665205698
315,深圳市地铁,地铁12号线(南宝线),12号线/南宝线,900000094862,松岗,1,"['440300024046', '440300024056']",22.775189365138832,113.8246073279173
316,深圳市地铁,地铁12号线(南宝线),12号线/南宝线,900000094862,朗下,0,[],22.770811098655855,113.81306067113168
317,深圳市地铁,地铁12号线(南宝线),12号线/南宝线,900000094862,步涌,0,[],22.760215632729885,113.80711181212051
318,深圳市地铁,地铁12号线(南宝线),12号线/南宝线,900000094862,沙井古墟,0,[],22.74699228325112,113.80347640156089
319,深圳市地铁,地铁12号线(南宝线),12号线/南宝线,900000094862,沙蚝,0,[],22.742484867472143,113.7964965509998
320,深圳市地铁,地铁12号线(南宝线),12号线/南宝线,900000094862,蚝乡,0,[],22.743405411570556,113.78502873894955
321,深圳市地铁,地铁12号线(南宝线),12号线/南宝线,900000094862,海上田园东,0,[],22.73404513764027,113.77609790876488
322,深圳市地铁,地铁12号线(南宝线),12号线/南宝线,900000094862,海上田园南,0,[],22.721123992882045,113.76925821309541
323,深圳市地铁,地铁12号线(南宝线),12号线/南宝线,900000094862,国展北,1,['900000075925'],22.705984379344407,113.77175622159803
324,深圳市地铁,地铁12号线(南宝线),12号线/南宝线,900000094862,国展,1,['900000075925'],22.698817267505593,113.77281646359772
325,深圳市地铁,地铁12号线(南宝线),12号线/南宝线,900000094862,福海西,0,[],22.691258729223396,113.78435673492699
326,深圳市地铁,地铁12号线(南宝线),12号线/南宝线,900000094862,桥头西,0,[],22.685983506581213,113.79232847553047
327,深圳市地铁,地铁12号线(南宝线),12号线/南宝线,900000094862,福永,1,['440300024056'],22.676464820646547,113.80099677493348
328,深圳市地铁,地铁12号线(南宝线),12号线/南宝线,900000094862,怀德,0,[],22.669584381913534,113.8138482945365
329,深圳市地铁,地铁12号线(南宝线),12号线/南宝线,900000094862,福围,0,[],22.65977377209705,113.81614102313888
330,深圳市地铁,地铁12号线(南宝线),12号线/南宝线,900000094862,机场东,1,['440300024063'],22.649939515495824,113.81759955284791
331,深圳市地铁,地铁12号线(南宝线),12号线/南宝线,900000094862,兴围,0,[],22.645826727902538,113.82948376267713
332,深圳市地铁,地铁12号线(南宝线),12号线/南宝线,900000094862,黄田,0,[],22.633189622132935,113.84071117363774
333,深圳市地铁,地铁12号线(南宝线),12号线/南宝线,900000094862,钟屋南,0,[],22.621551062453985,113.85428924916879
334,深圳市地铁,地铁12号线(南宝线),12号线/南宝线,900000094862,西乡桃源,0,[],22.614033882892137,113.85741783081981
335,深圳市地铁,地铁12号线(南宝线),12号线/南宝线,900000094862,平峦山,0,[],22.60620899635243,113.86485711586745
336,深圳市地铁,地铁12号线(南宝线),12号线/南宝线,900000094862,宝田一路,0,[],22.597559699417726,113.87357989371007
337,深圳市地铁,地铁12号线(南宝线),12号线/南宝线,900000094862,宝安客运站,0,[],22.59237378903623,113.87878557655323
338,深圳市地铁,地铁12号线(南宝线),12号线/南宝线,900000094862,流塘,0,[],22.58677509786434,113.8844117360439
339,深圳市地铁,地铁12号线(南宝线),12号线/南宝线,900000094862,上川,0,[],22.580887194688284,113.8902557862654
340,深圳市地铁,地铁12号线(南宝线),12号线/南宝线,900000094862,灵芝,1,['440300024058'],22.57201502407732,113.89929264186107
341,深圳市地铁,地铁12号线(南宝线),12号线/南宝线,900000094862,新安公园,0,[],22.565352990355798,113.90602100645114
342,深圳市地铁,地铁12号线(南宝线),12号线/南宝线,900000094862,同乐南,0,[],22.559406977887686,113.91387707059936
343,深圳市地铁,地铁12号线(南宝线),12号线/南宝线,900000094862,中山公园,0,[],22.550063876233164,113.91836372169003
344,深圳市地铁,地铁12号线(南宝线),12号线/南宝线,900000094862,南头古城,0,[],22.541507555983927,113.91928395047972
345,深圳市地铁,地铁12号线(南宝线),12号线/南宝线,900000094862,桃园,1,['440300024063'],22.534548312096632,113.91992015093783
346,深圳市地铁,地铁12号线(南宝线),12号线/南宝线,900000094862,南山,1,['440300024056'],22.527080964932757,113.91862308908836
347,深圳市地铁,地铁12号线(南宝线),12号线/南宝线,900000094862,南光,0,[],22.51975741565926,113.9194622584413
348,深圳市地铁,地铁12号线(南宝线),12号线/南宝线,900000094862,南油,1,['440300024054'],22.51328010401352,113.92090608505681
349,深圳市地铁,地铁12号线(南宝线),12号线/南宝线,900000094862,四海,0,[],22.503384017024565,113.9171200242286
350,深圳市地铁,地铁12号线(南宝线),12号线/南宝线,900000094862,花果山,0,[],22.497400511106942,113.91418894859137
351,深圳市地铁,地铁12号线(南宝线),12号线/南宝线,900000094862,海上世界,1,['440300024076'],22.48815216437575,113.91025461604019
352,深圳市地铁,地铁12号线(南宝线),12号线/南宝线,900000094862,太子湾,0,[],22.47585895704905,113.9062607134456
353,深圳市地铁,地铁12号线(南宝线),12号线/南宝线,900000094862,左炮台东,0,[],22.472568411302795,113.89302925508134
354,深圳市地铁,地铁13号线(石岩线),13号线/石岩线,900000094840,深圳湾口岸,0,[],22.505980389185112,113.94536832487553
355,深圳市地铁,地铁13号线(石岩线),13号线/石岩线,900000094840,人才公园,0,[],22.515095004219297,113.93825146601716
356,深圳市地铁,地铁13号线(石岩线),13号线/石岩线,900000094840,后海,1,"['440300024056', '440300024076', '900000211171']",22.521188132503205,113.9386276186471
357,深圳市地铁,地铁13号线(石岩线),13号线/石岩线,900000094840,科苑,1,['440300024076'],22.530029739799264,113.94131558737487
358,深圳市地铁,地铁13号线(石岩线),13号线/石岩线,900000094840,粤海门,1,['440300024054'],22.53570671834872,113.9406521123442
359,深圳市地铁,地铁13号线(石岩线),13号线/石岩线,900000094840,深大,1,['440300024063'],22.54168090691186,113.93929548643088
360,深圳市地铁,地铁13号线(石岩线),13号线/石岩线,900000094840,高新中,0,[],22.55002320421068,113.94043948486373
361,深圳市地铁,地铁14号线(东部快线),14号线/东部快线,900000095033,岗厦北,1,"['900000055265', '440300024056', '440300024076']",22.54102184479824,114.06284077632802
362,深圳市地铁,地铁14号线(东部快线),14号线/东部快线,900000095033,黄木岗,1,['440300024050'],22.558381868772535,114.08210452289146
363,深圳市地铁,地铁14号线(东部快线),14号线/东部快线,900000095033,罗湖北,0,[],22.583432434597416,114.10790560905669
364,深圳市地铁,地铁14号线(东部快线),14号线/东部快线,900000095033,布吉,1,"['440300024060', '440300024058']",22.605015955205428,114.11605981386103
365,深圳市地铁,地铁14号线(东部快线),14号线/东部快线,900000095033,石芽岭,0,[],22.631150048997362,114.13294683351003
366,深圳市地铁,地铁14号线(东部快线),14号线/东部快线,900000095033,六约北,0,[],22.645301824337544,114.170757425759
367,深圳市地铁,地铁14号线(东部快线),14号线/东部快线,900000095033,四联,0,[],22.651219934639688,114.18793224374643
368,深圳市地铁,地铁14号线(东部快线),14号线/东部快线,900000095033,坳背,0,[],22.671535930110654,114.20863826946797
369,深圳市地铁,地铁14号线(东部快线),14号线/东部快线,900000095033,大运,1,"['440300024060', '900000095071']",22.688554141590895,114.22330798027073
370,深圳市地铁,地铁14号线(东部快线),14号线/东部快线,900000095033,嶂背,0,[],22.695137286260927,114.24471445403387
371,深圳市地铁,地铁14号线(东部快线),14号线/东部快线,900000095033,南约,0,[],22.69093452098643,114.27324404381585
372,深圳市地铁,地铁14号线(东部快线),14号线/东部快线,900000095033,宝龙,0,[],22.69112662107902,114.29297866291797
373,深圳市地铁,地铁14号线(东部快线),14号线/东部快线,900000095033,锦龙,0,[],22.68292139006951,114.32894979474487
374,深圳市地铁,地铁14号线(东部快线),14号线/东部快线,900000095033,坪山围,1,['900000095071'],22.69411539726325,114.33874755078018
375,深圳市地铁,地铁14号线(东部快线),14号线/东部快线,900000095033,坪山广场,0,[],22.70329298109576,114.34384281323752
376,深圳市地铁,地铁14号线(东部快线),14号线/东部快线,900000095033,坪山中心,0,[],22.70959742986447,114.34668859216482
377,深圳市地铁,地铁14号线(东部快线),14号线/东部快线,900000095033,坑梓,0,[],22.748043988885343,114.36600808479628
378,深圳市地铁,地铁14号线(东部快线),14号线/东部快线,900000095033,沙田,0,[],22.75878680022383,114.39563287735872
379,深圳市地铁,地铁16号线(龙坪线),16号线/龙坪线,900000095071,大运,1,"['440300024060', '900000095033']",22.688554141590895,114.22330798027073
380,深圳市地铁,地铁16号线(龙坪线),16号线/龙坪线,900000095071,大运中心,0,[],22.69806599292917,114.21592933772594
381,深圳市地铁,地铁16号线(龙坪线),16号线/龙坪线,900000095071,龙城公园,0,[],22.707294990643625,114.21350036312792
382,深圳市地铁,地铁16号线(龙坪线),16号线/龙坪线,900000095071,黄阁坑,0,[],22.72189377085708,114.21326098943818
383,深圳市地铁,地铁16号线(龙坪线),16号线/龙坪线,900000095071,愉园,0,[],22.731093632568175,114.21850866703373
384,深圳市地铁,地铁16号线(龙坪线),16号线/龙坪线,900000095071,回龙埔,0,[],22.732019669084007,114.23101358851875
385,深圳市地铁,地铁16号线(龙坪线),16号线/龙坪线,900000095071,尚景,0,[],22.73218955975923,114.23874759942194
386,深圳市地铁,地铁16号线(龙坪线),16号线/龙坪线,900000095071,盛平,0,[],22.734454481758977,114.24784872289273
387,深圳市地铁,地铁16号线(龙坪线),16号线/龙坪线,900000095071,龙园,0,[],22.733830669449336,114.26150570975518
388,深圳市地铁,地铁16号线(龙坪线),16号线/龙坪线,900000095071,双龙,1,['440300024060'],22.731623307397797,114.27258877984673
389,深圳市地铁,地铁16号线(龙坪线),16号线/龙坪线,900000095071,新塘围,0,[],22.728240008474778,114.28158922437316
390,深圳市地铁,地铁16号线(龙坪线),16号线/龙坪线,900000095071,龙东,0,[],22.72431508254407,114.29155011241072
391,深圳市地铁,地铁16号线(龙坪线),16号线/龙坪线,900000095071,宝龙同乐,0,[],22.711967697457816,114.3074100090006
392,深圳市地铁,地铁16号线(龙坪线),16号线/龙坪线,900000095071,坪山,0,[],22.70845920776569,114.32254289889971
393,深圳市地铁,地铁16号线(龙坪线),16号线/龙坪线,900000095071,新和,0,[],22.70587057603193,114.33057686250353
394,深圳市地铁,地铁16号线(龙坪线),16号线/龙坪线,900000095071,六和,0,[],22.698740166951634,114.33283293457258
395,深圳市地铁,地铁16号线(龙坪线),16号线/龙坪线,900000095071,坪山围,1,['900000095033'],22.69411539726325,114.33874755078018
396,深圳市地铁,地铁16号线(龙坪线),16号线/龙坪线,900000095071,坪环,0,[],22.688059554032343,114.34171473340402
397,深圳市地铁,地铁16号线(龙坪线),16号线/龙坪线,900000095071,东纵纪念馆,0,[],22.68867992382188,114.35020143996255
398,深圳市地铁,地铁16号线(龙坪线),16号线/龙坪线,900000095071,沙壆,0,[],22.689164999228627,114.3599913621986
399,深圳市地铁,地铁16号线(龙坪线),16号线/龙坪线,900000095071,燕子湖,0,[],22.691143697626035,114.37038950754163
400,深圳市地铁,地铁16号线(龙坪线),16号线/龙坪线,900000095071,石井,0,[],22.694516686976588,114.37809523922874
401,深圳市地铁,地铁16号线(龙坪线),16号线/龙坪线,900000095071,技术大学,0,[],22.70103229820759,114.39621583536689
402,深圳市地铁,地铁16号线(龙坪线),16号线/龙坪线,900000095071,田心,0,[],22.696397667443893,114.4092783308295
403,深圳市地铁,地铁20号线,20号线,900000075925,机场北,1,['440300024056'],22.65402275675199,113.79308227902548
404,深圳市地铁,地铁20号线,20号线,900000075925,国展南,0,[],22.68661675638397,113.7732870594863
405,深圳市地铁,地铁20号线,20号线,900000075925,国展,1,['900000094862'],22.698817267505593,113.77281646359772
406,深圳市地铁,地铁20号线,20号线,900000075925,国展北,1,['900000094862'],22.705984379344407,113.77175622159803
407,深圳市地铁,地铁20号线,20号线,900000075925,会展城,0,[],22.714981944445505,113.76462277114749
